City_ID,City,Country,Date,Lat,Lng,Max Temp,Humidity,Cloudiness,Wind Speed
0,Pitimbu,BR,2021-08-06 20:19:46,-7.4706,-34.8086,79.39,75,50,17.49
1,Miri,MY,2021-08-06 20:19:46,4.4148,114.0089,77.14,94,20,2.3
2,Hermanus,ZA,2021-08-06 20:19:46,-34.4187,19.2345,53.91,82,0,5.66
3,Kruisfontein,ZA,2021-08-06 20:19:47,-34.0033,24.7314,50.88,91,7,3.2
4,Avarua,CK,2021-08-06 20:19:47,-21.2078,-159.775,77.05,78,20,10.36
5,Siemiatycze,PL,2021-08-06 20:19:47,52.4272,22.8623,61.25,98,100,13.42
6,Talnakh,RU,2021-08-06 20:19:48,69.4865,88.3972,63.86,41,22,1.74
7,Hilo,US,2021-08-06 20:16:09,19.7297,-155.09,78.53,84,90,8.05
8,Tiznit,MA,2021-08-06 20:19:48,29.5833,-9.5,68.67,76,0,4.97
9,Taltal,CL,2021-08-06 20:19:48,-25.4,-70.4833,61.75,66,23,7.38
10,Zyrardow,PL,2021-08-06 20:19:49,52.0488,20.446,58.8,100,100,16.6
11,Mataura,NZ,2021-08-06 20:19:49,-46.1927,168.8643,39.47,96,100,4.97
12,Rikitea,PF,2021-08-06 20:19:49,-23.1203,-134.9692,74.68,74,26,14.18
13,Cockburn Town,TC,2021-08-06 20:19:49,21.4612,-71.1419,82.76,76,3,14.05
14,Ushuaia,AR,2021-08-06 20:15:16,-54.8,-68.3,37.06,56,20,24.16
15,Nishihara,JP,2021-08-06 20:19:50,26.1842,127.7558,82.06,89,40,14.97
16,Saint George,US,2021-08-06 20:19:50,37.1041,-113.5841,104.63,8,1,8.99
17,Vaini,TO,2021-08-06 20:19:50,-21.2,-175.2,73.56,83,20,11.5
18,Fort Nelson,CA,2021-08-06 20:19:51,58.8053,-122.7002,67.59,77,90,8.05
19,Champerico,GT,2021-08-06 20:19:51,14.3,-91.9167,93.74,67,73,6.26
20,Hualmay,PE,2021-08-06 20:19:51,-11.0964,-77.6139,68.09,70,13,12.93
21,Tuatapere,NZ,2021-08-06 20:19:51,-46.1333,167.6833,39.81,87,100,11.56
22,Shenzhen,CN,2021-08-06 20:19:52,22.5455,114.0683,85.1,98,100,3.36
23,Punta Arenas,CL,2021-08-06 20:19:52,-53.15,-70.9167,37.42,72,40,28.77
24,Khani,GE,2021-08-06 20:19:52,41.9563,42.9566,69.37,44,100,6.35
25,Xifeng,CN,2021-08-06 20:19:53,42.7372,124.7222,65.03,93,83,4.03
26,East London,ZA,2021-08-06 20:19:53,-33.0153,27.9116,62.01,75,57,8.59
27,Cape Town,ZA,2021-08-06 20:19:53,-33.9258,18.4232,54.12,82,0,2.71
28,Cayenne,GF,2021-08-06 20:15:16,4.9333,-52.3333,86.04,79,9,3.0
29,Chuy,UY,2021-08-06 20:19:54,-33.6971,-53.4616,62.28,84,84,6.93
30,Jamestown,US,2021-08-06 20:15:18,42.097,-79.2353,84.18,50,75,12.66
31,Kaukauna,US,2021-08-06 20:19:54,44.278,-88.272,84.52,73,75,3.0
32,Marzuq,YE,2021-08-06 20:19:54,14.4,46.4667,83.79,47,83,5.7
33,Mahebourg,MU,2021-08-06 20:19:54,-20.4081,57.7,70.09,73,75,13.8
34,Puerto Ayora,EC,2021-08-06 20:19:55,-0.7393,-90.3518,76.96,86,78,11.01
35,Mar Del Plata,AR,2021-08-06 20:19:18,-38.0023,-57.5575,61.09,94,0,1.99
36,Butaritari,KI,2021-08-06 20:19:55,3.0707,172.7902,83.57,65,2,12.8
37,Victoria,HK,2021-08-06 20:15:45,22.2855,114.1577,85.21,91,98,1.99
38,Vestmannaeyjar,IS,2021-08-06 20:19:55,63.4427,-20.2734,54.59,87,75,5.75
39,Ibra,OM,2021-08-06 20:19:56,22.6906,58.5334,90.72,39,0,5.7
40,Albany,US,2021-08-06 20:15:16,42.6001,-73.9662,89.02,46,8,1.01
41,Port Blair,IN,2021-08-06 20:19:56,11.6667,92.75,81.81,83,100,19.13
42,Caravelas,BR,2021-08-06 20:19:56,-17.7125,-39.2481,68.72,81,79,9.19
43,Pyshma,RU,2021-08-06 20:19:57,56.9523,63.2513,61.02,73,100,9.75
44,Bluff,NZ,2021-08-06 20:19:57,-46.6,168.3333,39.79,76,100,22.37
45,Kapaa,US,2021-08-06 20:19:57,22.0752,-159.319,82.72,78,75,5.01
46,Chokurdakh,RU,2021-08-06 20:19:57,70.6333,147.9167,44.15,83,94,7.34
47,Sheridan,US,2021-08-06 20:19:58,44.8333,-106.9173,88.29,23,73,12.26
48,Te Anau,NZ,2021-08-06 20:19:58,-45.4167,167.7167,38.03,92,94,4.72
49,Marawi,PH,2021-08-06 20:19:58,7.9986,124.2928,67.64,90,100,3.6
50,Codrington,AU,2021-08-06 20:19:58,-38.2667,141.9667,49.37,91,100,9.26
51,Mollendo,PE,2021-08-06 20:19:59,-17.0231,-72.0147,63.77,75,43,7.18
52,Dikson,RU,2021-08-06 20:19:59,73.5069,80.5464,47.84,88,100,11.74
53,Pisco,PE,2021-08-06 20:19:59,-13.7,-76.2167,66.25,68,0,8.05
54,Kaeo,NZ,2021-08-06 20:20:00,-35.1,173.7833,55.33,83,62,12.62
55,Ntoum,GA,2021-08-06 20:20:00,0.3833,9.7833,78.57,83,36,6.42
56,Lebu,CL,2021-08-06 20:20:00,-37.6167,-73.65,50.23,89,100,4.76
57,Hobart,AU,2021-08-06 20:20:00,-42.8794,147.3294,50.02,78,75,3.0
58,Manta,EC,2021-08-06 20:20:01,-0.95,-80.7333,80.38,69,20,13.8
59,Shitanjing,CN,2021-08-06 20:20:01,39.2342,106.3439,67.48,40,0,6.55
60,Anadyr,RU,2021-08-06 20:20:01,64.75,177.4833,50.5,93,40,8.01
61,Hasaki,JP,2021-08-06 20:20:02,35.7333,140.8333,79.2,89,42,7.02
62,Kortkeros,RU,2021-08-06 20:20:02,61.8106,51.5806,51.8,79,81,4.34
63,Gat,IL,2021-08-06 20:20:03,31.61,34.7642,88.39,43,0,4.25
64,Grand Gaube,MU,2021-08-06 20:20:03,-20.0064,57.6608,70.2,76,33,7.0
65,Christchurch,NZ,2021-08-06 20:16:49,-43.5333,172.6333,44.02,93,40,4.0
66,Provideniya,RU,2021-08-06 20:20:04,64.3833,-173.3,48.11,90,100,2.48
67,Havelock,US,2021-08-06 20:20:04,34.8791,-76.9013,80.98,95,69,4.92
68,Lagoa,PT,2021-08-06 20:20:04,39.05,-27.9833,69.62,68,31,18.48
69,Ilulissat,GL,2021-08-06 20:20:05,69.2167,-51.1,44.62,76,75,0.0
70,Tuktoyaktuk,CA,2021-08-06 20:20:05,69.4541,-133.0374,41.0,81,90,12.66
71,Glendive,US,2021-08-06 20:20:05,47.1053,-104.7125,84.96,53,1,11.5
72,Lata,PT,2021-08-06 20:20:06,40.1629,-8.3327,69.04,77,27,4.83
73,Mnogovershinnyy,RU,2021-08-06 20:20:06,53.9353,139.9242,49.44,98,100,7.99
74,Norman Wells,CA,2021-08-06 20:20:06,65.282,-126.8329,55.44,94,90,9.22
75,Svetlogorsk,BY,2021-08-06 20:20:07,52.6333,29.7333,63.5,92,100,5.84
76,Vostok,RU,2021-08-06 20:20:07,46.4856,135.8833,64.45,96,100,3.06
77,Jalu,LY,2021-08-06 20:20:07,29.0331,21.5482,94.17,13,0,12.21
78,Baykit,RU,2021-08-06 20:20:08,61.67,96.37,59.65,70,91,3.69
79,Coihaique,CL,2021-08-06 20:20:08,-45.5752,-72.0662,42.91,61,40,8.05
80,Pevek,RU,2021-08-06 20:20:08,69.7008,170.3133,41.79,74,57,3.65
81,Longyearbyen,SJ,2021-08-06 20:20:09,78.2186,15.6401,46.24,66,75,2.3
82,Georgetown,MY,2021-08-06 20:20:09,5.4112,100.3354,82.89,87,20,3.44
83,Ahipara,NZ,2021-08-06 20:20:09,-35.1667,173.1667,55.31,76,63,18.54
84,Pokhara,NP,2021-08-06 20:20:09,28.2333,83.9833,71.98,81,95,5.41
85,Kavieng,PG,2021-08-06 20:20:10,-2.5744,150.7967,81.32,78,93,8.97
86,Nemuro,JP,2021-08-06 20:20:10,43.3236,145.575,68.7,97,61,6.55
87,Colac,AU,2021-08-06 20:20:10,-38.3333,143.5833,49.62,93,100,7.96
88,Nikolskoye,RU,2021-08-06 20:20:11,59.7035,30.7861,63.39,86,99,8.95
89,Aklavik,CA,2021-08-06 20:20:11,68.2191,-135.0107,42.8,93,90,12.66
90,Morgan City,US,2021-08-06 20:20:11,29.6994,-91.2068,91.99,48,1,3.44
91,Lebork,PL,2021-08-06 20:20:11,54.5392,17.7501,61.92,84,100,5.26
92,Acarau,BR,2021-08-06 20:20:12,-2.8856,-40.12,82.72,66,24,19.46
93,Faya,SA,2021-08-06 20:20:12,18.3851,42.4509,66.72,46,96,2.82
94,Buchanan,LR,2021-08-06 20:20:12,5.8808,-10.0467,76.96,74,68,5.01
95,Manjacaze,MZ,2021-08-06 20:20:13,-24.7117,33.8828,63.5,50,0,7.47
96,Grimshaw,CA,2021-08-06 20:19:17,56.1834,-117.6027,68.7,48,75,16.11
97,Northam,GB,2021-08-06 20:20:13,51.0333,-4.2167,60.66,88,7,17.96
98,Lavrentiya,RU,2021-08-06 20:20:13,65.5833,-171.0,44.78,79,100,12.86
99,Sitka,US,2021-08-06 20:20:13,57.0531,-135.33,62.49,72,90,0.0
100,Busselton,AU,2021-08-06 20:20:14,-33.65,115.3333,52.05,79,4,12.68
101,Sao Joao Da Barra,BR,2021-08-06 20:20:14,-21.6403,-41.0511,71.69,68,100,10.18
102,Port-Cartier,CA,2021-08-06 20:20:14,50.0334,-66.8654,68.22,58,98,13.69
103,Atuona,PF,2021-08-06 20:20:15,-9.8,-139.0333,77.83,78,18,16.78
104,Mahibadhoo,MV,2021-08-06 20:20:15,3.7833,72.9667,81.55,80,100,13.11
105,Guerrero Negro,MX,2021-08-06 20:20:15,27.9769,-114.0611,86.76,49,25,8.68
106,Muroto,JP,2021-08-06 20:20:15,33.2833,134.15,80.55,85,36,17.92
107,Barberton,ZA,2021-08-06 20:19:35,-25.7884,31.0532,64.45,36,0,3.58
108,Walvis Bay,NA,2021-08-06 20:16:14,-22.9575,14.5053,56.08,74,2,9.42
109,Abu Samrah,SY,2021-08-06 20:20:16,35.3029,37.1841,84.36,36,42,11.59
110,Saint-Philippe,RE,2021-08-06 20:20:16,-21.3585,55.7679,65.75,80,70,14.52
111,Cabo San Lucas,MX,2021-08-06 20:20:01,22.8909,-109.9124,90.7,69,40,8.99
112,Avera,US,2021-08-06 20:20:17,33.194,-82.5271,78.71,76,98,5.77
113,Xining,CN,2021-08-06 20:20:17,36.6167,101.7667,53.11,83,11,2.95
114,Geraldton,AU,2021-08-06 20:20:17,-28.7667,114.6,55.81,50,90,17.27
115,Longview,US,2021-08-06 20:20:17,32.5007,-94.7405,91.54,47,20,6.91
116,Huarmey,PE,2021-08-06 20:20:18,-10.0681,-78.1522,69.87,69,1,12.88
117,Saskylakh,RU,2021-08-06 20:20:18,71.9167,114.0833,46.56,85,100,10.47
118,Vardo,NO,2021-08-06 20:20:18,70.3705,31.1107,62.35,83,49,11.54
119,Pangody,RU,2021-08-06 20:20:19,65.85,74.4859,65.01,69,1,8.66
120,Bengkulu,ID,2021-08-06 20:17:02,-3.8004,102.2655,75.72,91,80,4.36
121,West Wendover,US,2021-08-06 20:20:19,40.7391,-114.0733,79.81,18,1,16.11
122,Kodiak,US,2021-08-06 20:20:19,57.79,-152.4072,56.71,82,90,4.61
123,Zeya,RU,2021-08-06 20:20:19,53.75,127.2667,59.59,98,100,4.9
124,Tiksi,RU,2021-08-06 20:20:20,71.6872,128.8694,40.35,95,29,5.93
125,Weligama,LK,2021-08-06 20:20:20,5.9667,80.4167,77.88,88,100,10.98
126,San Julian,MX,2021-08-06 20:20:20,21.0167,-102.1667,70.93,62,100,4.85
127,Sept-Iles,CA,2021-08-06 20:20:21,50.2001,-66.3821,68.52,83,90,4.0
128,Acucena,BR,2021-08-06 20:20:21,-19.0731,-42.5464,72.12,52,99,4.9
129,Meulaboh,ID,2021-08-06 20:20:21,4.1363,96.1285,76.44,89,91,5.06
130,Dodola,ET,2021-08-06 20:20:21,6.9833,39.1833,54.77,90,78,4.18
131,Ancud,CL,2021-08-06 20:20:22,-41.8697,-73.8203,49.53,72,84,11.99
132,Upernavik,GL,2021-08-06 20:20:22,72.7868,-56.1549,42.82,90,100,4.59
133,Tasiilaq,GL,2021-08-06 20:20:22,65.6145,-37.6368,42.96,87,100,3.78
134,Mareeba,AU,2021-08-06 20:20:23,-17.0,145.4333,63.32,93,77,2.35
135,Sorland,NO,2021-08-06 20:20:23,67.667,12.6934,57.27,72,76,7.09
136,San Patricio,US,2021-08-06 20:20:23,28.017,-97.5169,91.29,57,99,5.66
137,Mikhaylovsk,RU,2021-08-06 20:20:23,45.1283,42.0256,82.06,58,0,20.13
138,Hithadhoo,MV,2021-08-06 20:20:24,-0.6,73.0833,80.47,73,100,5.64
139,Toccoa,US,2021-08-06 20:20:24,34.5773,-83.3324,86.85,56,75,0.0
140,Vrchlabi,CZ,2021-08-06 20:20:24,50.627,15.6094,62.69,90,78,2.59
141,Vao,NC,2021-08-06 20:20:25,-22.6667,167.4833,67.6,64,69,12.84
142,Touros,BR,2021-08-06 20:20:25,-5.1989,-35.4608,81.5,63,100,18.99
143,Ponta Do Sol,PT,2021-08-06 20:20:25,32.6667,-17.1,75.7,82,20,1.32
144,Chudovo,RU,2021-08-06 20:20:17,59.1167,31.6833,55.92,93,100,9.48
145,Alofi,NU,2021-08-06 20:20:26,-19.0595,-169.9187,75.09,83,40,1.14
146,Tigil,RU,2021-08-06 20:20:26,57.8,158.6667,48.0,87,97,6.06
147,College,US,2021-08-06 20:16:56,64.8569,-147.8028,64.72,88,90,9.22
148,Dunedin,NZ,2021-08-06 20:20:26,-45.8742,170.5036,44.8,62,21,23.0
149,Poso,ID,2021-08-06 20:20:27,-1.3959,120.7524,77.34,82,98,4.63
150,Olinda,BR,2021-08-06 20:18:28,-8.0089,-34.8553,78.53,73,40,14.97
151,Oytal,KZ,2021-08-06 20:20:27,42.9057,73.2697,73.9,34,69,4.7
152,Thaba-Tseka,LS,2021-08-06 20:20:27,-29.522,28.6084,38.17,31,0,4.81
153,Mandera,KE,2021-08-06 20:20:28,3.9366,41.867,82.24,41,97,19.66
154,Loreto,MX,2021-08-06 20:20:28,22.2667,-101.9667,74.75,46,100,5.41
155,Riberalta,BO,2021-08-06 20:20:28,-10.9833,-66.1,93.4,36,20,0.0
156,Ust-Karsk,RU,2021-08-06 20:20:28,52.7011,118.8077,57.15,94,89,2.01
157,Sarishabari,BD,2021-08-06 20:20:29,24.7333,89.8333,79.95,93,100,14.36
158,Bredasdorp,ZA,2021-08-06 20:20:29,-34.5322,20.0403,54.72,94,0,4.61
159,Santa Maria,BR,2021-08-06 20:20:29,-29.6842,-53.8069,72.7,64,0,10.36
160,Pangnirtung,CA,2021-08-06 20:20:30,66.1451,-65.7125,42.8,75,90,13.8
161,Utete,TZ,2021-08-06 20:20:30,-7.986,38.758,68.52,91,17,3.89
162,Mana,GF,2021-08-06 20:20:30,5.6592,-53.7767,81.39,80,24,2.84
163,Cidreira,BR,2021-08-06 20:20:31,-30.1811,-50.2056,61.72,89,100,14.18
164,Foz,ES,2021-08-06 20:20:31,43.5692,-7.2544,67.93,68,100,7.02
165,Mersing,MY,2021-08-06 20:20:31,2.4312,103.8405,73.31,94,91,3.44
166,Douentza,ML,2021-08-06 20:20:32,14.9951,-2.9517,90.64,44,88,8.55
167,Wenzhou,CN,2021-08-06 20:20:32,27.9994,120.6668,77.11,93,100,3.96
168,Naryan-Mar,RU,2021-08-06 20:20:32,67.6713,53.087,48.13,89,99,6.2
169,Bosaso,SO,2021-08-06 20:20:33,11.2842,49.1816,91.96,43,40,4.81
170,Sabang,ID,2021-08-06 20:20:33,5.8933,95.3214,82.9,76,99,15.59
171,Port Alfred,ZA,2021-08-06 20:20:34,-33.5906,26.891,58.32,80,10,3.98
172,Atambua,ID,2021-08-06 20:17:06,-9.1061,124.8925,68.16,84,28,6.98
173,Bambous Virieux,MU,2021-08-06 20:20:34,-20.3428,57.7575,70.05,73,75,13.8
174,Qaanaaq,GL,2021-08-06 20:20:34,77.484,-69.3632,45.68,56,0,3.74
175,Salalah,OM,2021-08-06 20:20:35,17.0151,54.0924,77.09,100,90,4.61
176,Fortuna,US,2021-08-06 20:20:35,40.5982,-124.1573,88.48,66,20,4.0
177,Tubuala,PA,2021-08-06 20:20:35,9.5167,-79.0333,82.51,76,100,2.73
178,Marsh Harbour,BS,2021-08-06 20:20:36,26.5412,-77.0636,85.28,70,1,13.4
179,Arraial Do Cabo,BR,2021-08-06 20:20:36,-22.9661,-42.0278,69.76,73,40,11.5
180,Mossendjo,CG,2021-08-06 20:20:36,-2.9506,12.7261,73.63,75,50,5.14
181,Ribeira Grande,PT,2021-08-06 20:20:36,38.5167,-28.7,73.8,56,40,9.22
182,Saint-Georges,GD,2021-08-06 20:20:37,12.0564,-61.7485,87.48,66,20,17.27
183,Cherskiy,RU,2021-08-06 20:20:37,68.75,161.3,46.45,81,61,2.75
184,Boa Vista,BR,2021-08-06 20:20:37,2.8197,-60.6733,85.98,58,40,2.3
185,Atar,MR,2021-08-06 20:20:39,20.5169,-13.0499,98.65,22,5,13.06
186,Neftcala,AZ,2021-08-06 20:20:39,39.3742,49.2472,80.26,72,0,6.85
187,Hamilton,US,2021-08-06 20:18:38,39.1834,-84.5333,89.22,51,20,3.0
188,Nicoya,CR,2021-08-06 20:20:39,10.1483,-85.452,87.35,75,57,2.68
189,Yar-Sale,RU,2021-08-06 20:20:40,66.8333,70.8333,63.72,65,80,6.38
190,Siuna,NI,2021-08-06 20:20:40,13.7332,-84.7773,83.14,72,100,5.66
191,Labuhan,ID,2021-08-06 20:20:40,-6.8844,112.2051,77.85,85,33,9.75
192,Irgakly,RU,2021-08-06 20:20:40,44.3611,44.7556,76.78,73,0,12.03
193,Grindavik,IS,2021-08-06 20:20:41,63.8424,-22.4338,54.07,87,75,8.05
194,Nanortalik,GL,2021-08-06 20:20:41,60.1432,-45.2371,47.62,78,7,12.15
195,Klaksvik,FO,2021-08-06 20:20:41,62.2266,-6.589,58.12,98,81,13.87
196,Tezu,IN,2021-08-06 20:20:42,27.9167,96.1667,76.55,96,91,4.38
197,Mindelo,CV,2021-08-06 20:20:42,16.8901,-24.9804,78.35,69,20,16.11
198,Vegreville,CA,2021-08-06 20:20:04,53.5001,-112.0518,74.1,18,100,12.95
199,Nogliki,RU,2021-08-06 20:20:42,51.8333,143.1667,54.01,97,100,16.71
200,Iqaluit,CA,2021-08-06 20:20:43,63.7506,-68.5145,46.13,75,90,4.0
201,Mujiayingzi,CN,2021-08-06 20:20:43,42.1167,118.7833,63.95,63,0,5.26
202,Verkhnyaya Inta,RU,2021-08-06 20:20:43,65.9811,60.3094,50.27,97,100,5.61
203,Bloemfontein,ZA,2021-08-06 20:20:43,-29.1211,26.214,42.28,33,0,3.44
204,Hami,CN,2021-08-06 20:20:44,42.8,93.45,79.99,19,65,10.45
205,Constitucion,CL,2021-08-06 20:20:44,-35.3333,-72.4167,56.37,74,100,7.74
206,Auki,SB,2021-08-06 20:20:44,-8.7676,160.7034,73.26,84,28,5.35
207,Xingcheng,CN,2021-08-06 20:20:45,40.6167,120.7167,71.28,81,2,3.0
208,Mount Gambier,AU,2021-08-06 20:20:45,-37.8333,140.7667,49.14,87,100,7.02
209,Coracora,PE,2021-08-06 20:20:45,-15.0333,-73.7833,59.76,40,52,11.95
210,Vila Velha,BR,2021-08-06 20:20:45,-20.3297,-40.2925,74.97,58,0,10.36
211,Luderitz,NA,2021-08-06 20:20:46,-26.6481,15.1594,58.26,65,4,5.7
212,Prieska,ZA,2021-08-06 20:20:46,-29.6641,22.7474,51.98,32,12,3.09
213,Severo-Kurilsk,RU,2021-08-06 20:20:46,50.6789,156.125,53.89,81,100,8.93
214,Nuuk,GL,2021-08-06 20:20:46,64.1835,-51.7216,48.81,71,75,13.8
215,George,ZA,2021-08-06 20:16:51,-33.963,22.4617,54.95,94,0,3.44
216,Uvira,CD,2021-08-06 20:16:06,-3.4067,29.1458,77.34,68,98,1.16
217,Husavik,IS,2021-08-06 20:20:47,66.0449,-17.3389,55.31,77,3,6.76
218,Iacu,BR,2021-08-06 20:20:47,-12.7672,-40.2117,74.23,64,85,10.47
219,Namibe,AO,2021-08-06 20:20:47,-15.1961,12.1522,68.31,87,43,0.56
220,Vangaindrano,MG,2021-08-06 20:20:48,-23.35,47.6,62.53,87,21,3.15
221,Wollongong,AU,2021-08-06 20:20:00,-34.4333,150.8833,49.24,79,0,10.09
222,Dukat,RU,2021-08-06 20:20:48,62.55,155.55,43.05,94,100,5.37
223,Padang,ID,2021-08-06 20:20:48,-0.9492,100.3543,78.26,83,100,3.0
224,Broome,US,2021-08-06 20:20:49,42.2506,-75.833,86.97,53,40,1.99
225,Clonakilty,IE,2021-08-06 20:20:49,51.6231,-8.8706,56.41,91,100,21.12
226,Lodja,CD,2021-08-06 20:20:49,-3.4833,23.4333,76.68,46,9,1.43
227,Tias,ES,2021-08-06 20:20:49,28.9611,-13.645,73.15,83,75,11.5
228,Dolores,AR,2021-08-06 20:20:50,-36.3132,-57.6792,67.46,62,9,8.7
229,Cravo Norte,CO,2021-08-06 20:20:50,6.3017,-70.2041,88.41,49,47,8.57
230,Fare,PF,2021-08-06 20:20:50,-16.7,-151.0167,78.26,71,6,9.89
231,Kosamba,IN,2021-08-06 20:20:51,21.4833,72.95,80.55,84,99,8.75
232,Thunder Bay,CA,2021-08-06 20:19:00,48.4001,-89.3168,73.29,67,75,5.75
233,San Juan,AR,2021-08-06 20:16:31,-31.5375,-68.5364,78.67,17,92,4.61
234,Beringovskiy,RU,2021-08-06 20:20:51,63.05,179.3167,47.23,92,100,11.99
235,Sai Buri,TH,2021-08-06 20:20:51,6.7013,101.6168,78.19,86,81,3.04
236,Beloha,MG,2021-08-06 20:20:52,-25.1667,45.05,65.89,63,1,5.77
237,Iisalmi,FI,2021-08-06 20:20:52,63.5592,27.1907,62.62,71,23,4.59
238,Lasa,IT,2021-08-06 20:20:52,46.6166,10.7002,65.28,89,23,3.04
239,Castro,BR,2021-08-06 20:20:53,-24.7911,-50.0119,61.65,73,80,8.86
240,Sao Filipe,CV,2021-08-06 20:20:53,14.8961,-24.4956,77.25,85,31,8.19
241,San Quintin,MX,2021-08-06 20:20:53,30.4833,-115.95,74.32,68,1,9.22
242,Schilde,BE,2021-08-06 20:20:53,51.2411,4.5834,66.18,75,40,1.99
243,Hambantota,LK,2021-08-06 20:20:54,6.1241,81.1185,79.61,80,100,18.48
244,Williamsburg,US,2021-08-06 20:20:04,37.2707,-76.7075,87.91,57,40,6.91
245,Laguna,US,2021-08-06 20:18:14,38.421,-121.4238,93.87,38,1,5.75
246,Ardakan,IR,2021-08-06 20:20:54,32.31,54.0175,91.78,16,16,5.88
247,Codajas,BR,2021-08-06 20:20:54,-3.8367,-62.0569,95.07,34,70,2.8
248,Katsuura,JP,2021-08-06 20:20:55,35.1333,140.3,83.1,88,91,7.9
249,Angoche,MZ,2021-08-06 20:20:55,-16.2325,39.9086,73.0,80,0,6.38
250,Yellowknife,CA,2021-08-06 20:20:56,62.456,-114.3525,72.32,46,75,1.99
251,Chabahar,IR,2021-08-06 20:20:56,25.2919,60.643,83.5,80,1,5.44
252,Mehamn,NO,2021-08-06 20:20:56,71.0357,27.8492,62.51,73,40,9.55
253,Barrow,US,2021-08-06 20:16:42,71.2906,-156.7887,37.42,93,90,6.91
254,Leningradskiy,RU,2021-08-06 20:20:57,69.3833,178.4167,35.29,86,100,8.32
255,San Ignacio,BZ,2021-08-06 20:20:57,17.1561,-89.0714,89.74,66,40,4.61
256,Sorong,ID,2021-08-06 20:20:57,-0.8833,131.25,76.77,90,100,10.96
257,Hobyo,SO,2021-08-06 20:20:57,5.3505,48.5268,75.96,78,100,29.12
258,Wagar,SD,2021-08-06 20:20:58,16.1525,36.2032,84.27,62,100,4.92
259,Batagay,RU,2021-08-06 20:20:58,67.6333,134.6333,53.92,55,12,4.03
260,Hervey Bay,AU,2021-08-06 20:20:59,-25.2986,152.8535,53.02,87,2,3.0
261,Samarai,PG,2021-08-06 20:20:59,-10.6167,150.6667,76.93,78,100,12.73
262,Bethel,US,2021-08-06 20:20:59,41.3712,-73.414,90.95,49,20,5.75
263,Revelstoke,CA,2021-08-06 20:20:59,50.9832,-118.2023,68.02,68,90,6.91
264,New Norfolk,AU,2021-08-06 20:21:00,-42.7826,147.0587,49.66,75,100,5.01
265,Ipora,BR,2021-08-06 20:21:00,-16.4419,-51.1178,83.71,23,99,4.61
266,Naze,JP,2021-08-06 20:21:00,28.3667,129.4833,77.83,89,38,8.81
267,Thompson,CA,2021-08-06 20:21:01,55.7435,-97.8558,69.96,43,75,4.61
268,Lichinga,MZ,2021-08-06 20:21:01,-13.3128,35.2406,58.14,55,0,2.59
269,Najran,SA,2021-08-06 20:21:01,17.4924,44.1277,88.45,31,32,6.53
270,Necochea,AR,2021-08-06 20:21:01,-38.5473,-58.7368,68.04,61,84,14.03
271,Kupang,ID,2021-08-06 20:21:02,-10.1667,123.5833,75.42,68,12,14.9
272,Scarborough,GB,2021-08-06 20:20:48,54.2797,-0.4044,60.62,89,100,1.99
273,Udachnyy,RU,2021-08-06 20:21:02,66.4167,112.4,53.06,57,100,14.58
274,Tilichiki,RU,2021-08-06 20:21:02,60.4667,166.1,48.96,71,15,6.11
275,Nabire,ID,2021-08-06 20:21:03,-3.3667,135.4833,75.27,91,100,3.85
276,Saint Anthony,US,2021-08-06 20:21:03,45.0205,-93.218,88.14,47,20,5.75
277,Praia Da Vitoria,PT,2021-08-06 20:21:03,38.7333,-27.0667,74.75,73,20,17.2
278,At-Bashi,KG,2021-08-06 20:21:03,41.1702,75.8106,51.69,78,9,0.94
279,Monrovia,LR,2021-08-06 20:21:04,6.3005,-10.7969,76.77,73,100,6.49
280,Flinders,AU,2021-08-06 20:21:04,-34.5833,150.8552,49.37,77,13,1.01
281,Itarema,BR,2021-08-06 20:21:04,-2.9248,-39.9167,81.55,68,25,18.54
282,Balmazujvaros,HU,2021-08-06 20:17:13,47.6167,21.35,64.58,60,33,5.84
283,Omboue,GA,2021-08-06 20:21:05,-1.5746,9.2618,75.07,83,58,9.6
284,Kholtoson,RU,2021-08-06 20:21:05,50.2981,103.3097,52.75,98,100,3.06
285,Gulu,UG,2021-08-06 20:21:05,2.7746,32.299,69.46,66,74,3.06
286,Lorengau,PG,2021-08-06 20:21:06,-2.0226,147.2712,80.96,82,100,12.73
287,Jaque,PA,2021-08-06 20:21:06,7.5175,-78.1703,80.1,84,100,6.22
288,Palizada,MX,2021-08-06 20:21:06,18.25,-92.0833,89.58,39,100,6.93
289,Hovd,MN,2021-08-06 20:21:06,48.0056,91.6419,57.38,67,95,1.41
290,Bud,US,2021-08-06 20:21:07,39.447,-86.1758,85.05,55,100,7.23
291,Zambezi,ZM,2021-08-06 20:21:07,-13.5432,23.1047,59.36,19,0,3.62
292,Chifeng,CN,2021-08-06 20:21:07,42.2683,118.9636,65.01,64,0,3.94
293,Okhotsk,RU,2021-08-06 20:21:08,59.3833,143.3,55.35,63,55,8.46
294,Les Cayes,HT,2021-08-06 20:21:08,18.2,-73.75,86.88,63,0,12.3
295,Haines Junction,CA,2021-08-06 20:21:08,60.7522,-137.5108,51.75,93,100,4.61
296,Coruripe,BR,2021-08-06 20:21:08,-10.1256,-36.1756,73.54,84,69,13.71
297,Uaua,BR,2021-08-06 20:21:09,-9.8414,-39.4817,75.63,59,99,19.64
298,Gazanjyk,TM,2021-08-06 20:21:09,39.2446,55.5154,93.33,15,0,7.4
299,Flagstaff,US,2021-08-06 20:18:22,35.1981,-111.6513,88.11,36,1,13.0
300,Aras,ES,2021-08-06 20:21:09,42.5617,-2.356,68.41,60,0,4.61
301,Ampanihy,MG,2021-08-06 20:17:12,-24.7,44.75,67.71,53,7,4.74
302,Killybegs,IE,2021-08-06 20:21:10,54.6333,-8.45,60.51,92,86,10.31
303,Tashtagol,RU,2021-08-06 20:21:10,52.7657,87.8894,56.44,98,100,3.29
304,Carnarvon,AU,2021-08-06 20:21:10,-24.8667,113.6333,62.67,59,90,4.61
305,Nioro,GM,2021-08-06 20:21:11,13.35,-15.75,79.56,77,97,9.6
306,Ostrovskoye,RU,2021-08-06 20:21:11,57.8057,42.2433,58.66,99,100,4.99
307,Minas,UY,2021-08-06 20:21:11,-34.3759,-55.2377,64.87,80,3,11.81
308,Fredericton,CA,2021-08-06 20:21:11,45.9454,-66.6656,85.37,59,40,1.99
309,Ilhabela,BR,2021-08-06 20:21:12,-23.7781,-45.3581,67.77,88,48,11.74
310,Tarakan,ID,2021-08-06 20:21:12,3.3,117.6333,80.26,81,100,1.81
311,Aktau,KZ,2021-08-06 20:21:12,43.65,51.2,81.18,40,0,11.41
312,Progreso,MX,2021-08-06 20:21:13,21.2833,-89.6667,97.11,67,49,15.12
313,Batagay-Alyta,RU,2021-08-06 20:21:13,67.8006,130.4114,46.09,72,2,3.33
314,Yulara,AU,2021-08-06 20:21:13,-25.2406,130.9889,40.84,56,0,6.91
315,Rawson,AR,2021-08-06 20:21:13,-43.3002,-65.1023,62.11,39,100,8.3
316,Vila Franca Do Campo,PT,2021-08-06 20:21:14,37.7167,-25.4333,73.81,76,37,12.3
317,Blagoyevo,RU,2021-08-06 20:21:14,63.3667,47.9167,52.88,66,92,3.0
318,Narsaq,GL,2021-08-06 20:21:14,60.9167,-46.05,59.22,51,1,4.29
319,Kudahuvadhoo,MV,2021-08-06 20:21:15,2.6708,72.8944,78.89,83,100,7.0
320,Srednekolymsk,RU,2021-08-06 20:21:15,67.45,153.6833,47.46,84,100,6.82
321,Jambi,ID,2021-08-06 20:21:15,-1.6,103.6167,75.09,95,100,2.46
322,Wadi Maliz,TN,2021-08-06 20:21:15,36.4681,8.5495,91.06,29,0,3.56
323,Canutama,BR,2021-08-06 20:21:16,-6.5339,-64.3831,99.93,20,0,2.06
324,Los Llanos De Aridane,ES,2021-08-06 20:21:16,28.6585,-17.9182,69.12,95,40,17.27
325,Polonnaruwa,LK,2021-08-06 20:21:16,7.9333,81.0,80.35,69,100,13.89
326,Kasongo,CD,2021-08-06 20:21:17,-4.45,26.6667,82.56,32,68,4.05
327,Yerbogachen,RU,2021-08-06 20:21:17,61.2767,108.0108,51.37,59,21,5.53
328,Barra Do Garcas,BR,2021-08-06 20:21:17,-15.89,-52.2567,90.18,27,0,6.91
329,Paita,PE,2021-08-06 20:21:17,-5.0892,-81.1144,75.76,69,0,19.75
330,Nelson Bay,AU,2021-08-06 20:21:18,-32.7167,152.15,48.99,94,0,14.43
331,Sakakah,SA,2021-08-06 20:21:18,29.9697,40.2064,92.77,13,17,6.85
332,Stokmarknes,NO,2021-08-06 20:21:18,68.5646,14.9108,60.49,74,73,1.74
333,Teguldet,RU,2021-08-06 20:21:16,57.3064,88.1667,58.84,96,95,2.15
334,Surt,LY,2021-08-06 20:21:19,31.2089,16.5887,85.39,59,0,8.7
335,Kahului,US,2021-08-06 20:21:19,20.8947,-156.47,85.26,74,40,19.57
336,Moron,AR,2021-08-06 20:21:19,-34.6534,-58.6198,73.09,69,7,4.0
337,Neuquen,AR,2021-08-06 20:20:21,-38.9516,-68.0591,66.09,39,0,9.22
338,Dilla,ET,2021-08-06 20:21:20,6.41,38.31,65.66,75,97,3.65
339,Athni,IN,2021-08-06 20:21:20,16.7333,75.0667,72.37,87,9,13.35
340,Dingle,PH,2021-08-06 20:21:20,10.9995,122.6711,76.95,90,63,7.36
341,Santa Fe,AR,2021-08-06 20:17:18,-31.6333,-60.7,77.76,42,0,4.0
342,Korla,CN,2021-08-06 20:21:21,41.7597,86.1469,82.02,29,100,7.99
343,Rypefjord,NO,2021-08-06 20:21:21,70.6333,23.6667,59.47,77,0,2.3
344,Sawakin,SD,2021-08-06 20:21:21,19.1059,37.3321,93.67,53,5,4.36
345,Machilipatnam,IN,2021-08-06 20:21:21,16.1667,81.1333,84.0,72,9,1.66
346,Colares,PT,2021-08-06 20:21:22,38.7992,-9.4469,70.29,70,20,5.99
347,Pangkalanbuun,ID,2021-08-06 20:21:22,-2.6833,111.6167,74.26,99,92,2.08
348,Topchikha,RU,2021-08-06 20:21:22,52.8192,83.1185,63.18,77,81,4.38
349,Muros,ES,2021-08-06 20:21:23,42.7762,-9.0603,65.08,87,100,8.7
350,Torbay,CA,2021-08-06 20:21:23,47.6666,-52.7314,81.88,73,20,25.32
351,Kaitangata,NZ,2021-08-06 20:21:23,-46.2817,169.8464,43.93,70,97,11.7
352,Anapskaya,RU,2021-08-06 20:21:23,44.89,37.38,73.63,88,0,0.0
353,Camacha,PT,2021-08-06 20:21:24,33.0833,-16.3333,70.56,83,40,13.8
354,Chernyshevskiy,RU,2021-08-06 20:21:24,63.0128,112.4714,46.18,75,2,5.53
355,Port-Gentil,GA,2021-08-06 20:21:24,-0.7193,8.7815,78.76,73,75,9.22
356,Tolstoy-Yurt,RU,2021-08-06 20:21:24,43.4444,45.7722,77.32,83,40,6.71
357,Port Elizabeth,ZA,2021-08-06 20:21:25,-33.918,25.5701,53.1,93,40,3.44
358,Presidencia Roque Saenz Pena,AR,2021-08-06 20:21:25,-26.7852,-60.4388,83.84,25,0,6.91
359,Fairbanks,US,2021-08-06 20:20:04,64.8378,-147.7164,65.1,88,90,1.99
360,Severnyy,RU,2021-08-06 20:21:25,50.677,36.5532,78.84,47,40,6.71
361,Port Lincoln,AU,2021-08-06 20:21:26,-34.7333,135.8667,54.54,75,100,4.72
362,Sakaiminato,JP,2021-08-06 20:21:26,35.55,133.2333,82.38,74,40,2.3
363,Le Vauclin,MQ,2021-08-06 20:21:26,14.5452,-60.8388,86.13,66,75,13.8
364,Esperance,AU,2021-08-06 20:21:27,-33.8667,121.9,53.65,54,0,17.2
365,Buraydah,SA,2021-08-06 20:21:27,26.326,43.975,91.85,12,93,5.73
366,Bathsheba,BB,2021-08-06 20:21:27,13.2167,-59.5167,86.61,66,40,14.97
367,Nouakchott,MR,2021-08-06 20:20:01,18.0858,-15.9785,80.53,82,54,14.45
368,Zhangye,CN,2021-08-06 20:21:28,38.9342,100.4517,75.09,29,96,5.91
369,Gornopravdinsk,RU,2021-08-06 20:21:28,60.05,69.9,59.9,81,39,3.49
370,Isla Mujeres,MX,2021-08-06 20:17:22,21.2311,-86.731,87.85,66,92,10.6
371,Sioux Lookout,CA,2021-08-06 20:21:28,50.1001,-91.917,62.98,63,75,3.44
372,Santa Marta,CO,2021-08-06 20:21:29,11.2408,-74.199,89.98,65,53,1.99
373,Alice Springs,AU,2021-08-06 20:17:25,-23.7,133.8833,33.35,64,0,0.0
374,Sibolga,ID,2021-08-06 20:21:29,1.7427,98.7792,76.73,85,80,2.71
375,Maridi,SS,2021-08-06 20:21:29,4.9158,29.4742,70.12,86,11,3.15
376,Asau,RO,2021-08-06 20:21:30,46.4333,26.4,67.28,72,22,5.91
377,Uribia,CO,2021-08-06 20:21:30,11.7139,-72.266,93.99,40,8,18.21
378,Jinchang,CN,2021-08-06 20:21:30,38.4953,102.1739,71.11,47,44,3.56
379,Redmond,US,2021-08-06 20:20:03,47.674,-122.1215,78.13,87,100,1.01
380,Bam,IR,2021-08-06 20:21:31,29.106,58.357,89.55,17,49,9.95
381,Warmbad,NA,2021-08-06 20:21:31,-28.45,18.7333,57.76,25,6,4.03
382,Mabaruma,GY,2021-08-06 20:21:31,8.2,-59.7833,80.6,81,75,4.99
383,Dudinka,RU,2021-08-06 20:21:31,69.4058,86.1778,62.35,43,45,1.74
384,Ambovombe,MG,2021-08-06 20:21:32,-25.1667,46.0833,66.15,75,0,4.5
385,Mildura,AU,2021-08-06 20:17:24,-34.2,142.15,50.07,100,90,3.44
386,Kamenka,RU,2021-08-06 20:21:32,51.3223,42.7678,71.78,40,16,12.39
387,Pemba,MZ,2021-08-06 20:21:32,-12.974,40.5178,75.9,78,40,4.61
388,Kidal,ML,2021-08-06 20:21:33,18.4411,1.4078,93.34,35,4,2.33
389,Nyurba,RU,2021-08-06 20:21:33,63.2842,118.3319,56.59,59,100,4.68
390,Petropavlovsk-Kamchatskiy,RU,2021-08-06 20:21:33,53.0452,158.6483,50.59,82,75,4.47
391,Sao Felix Do Xingu,BR,2021-08-06 20:21:34,-6.6447,-51.995,95.94,19,6,5.26
392,Wagga Wagga,AU,2021-08-06 20:21:34,-35.1167,147.3667,48.61,93,90,5.75
393,Byron Bay,AU,2021-08-06 20:18:55,-28.65,153.6167,46.71,89,5,5.28
394,Pacific Grove,US,2021-08-06 20:17:08,36.6177,-121.9166,91.62,79,40,5.01
395,Quipot,PH,2021-08-06 20:21:34,13.9317,121.3158,81.48,87,100,3.53
396,Brae,GB,2021-08-06 20:21:35,60.3964,-1.353,60.71,81,71,20.96
397,Sandwick,GB,2021-08-06 20:21:35,60.0,-1.25,60.62,82,20,18.41
398,Galesong,ID,2021-08-06 20:21:35,-5.3166,119.3661,73.42,78,97,5.48
399,Acari,PE,2021-08-06 20:21:35,-15.4311,-74.6158,74.62,55,8,8.39
400,Kargasok,RU,2021-08-06 20:21:36,59.0556,80.8572,59.14,88,3,4.99
401,Lithgow,AU,2021-08-06 20:21:36,-33.4833,150.15,35.47,98,20,4.56
402,Palmer,US,2021-08-06 20:21:36,42.1584,-72.3287,89.49,45,20,11.5
403,Kirkuk,IQ,2021-08-06 20:21:37,35.4681,44.3922,99.64,17,30,13.44
404,Half Moon Bay,US,2021-08-06 20:21:37,37.4636,-122.4286,93.58,62,1,6.91
405,Eyl,SO,2021-08-06 20:21:37,7.9803,49.8164,75.87,80,72,25.26
406,Chapleau,CA,2021-08-06 20:21:37,47.8405,-83.4034,66.29,94,90,5.75
407,Kutum,SD,2021-08-06 20:21:38,14.2,24.6667,74.01,72,98,16.37
408,Prince Rupert,CA,2021-08-06 20:21:38,54.3161,-130.3201,59.09,88,90,8.05
409,Ribas Do Rio Pardo,BR,2021-08-06 20:21:38,-20.4431,-53.7592,88.32,18,43,9.78
410,Itamarandiba,BR,2021-08-06 20:21:39,-17.8572,-42.8589,65.17,52,100,7.34
411,Lompoc,US,2021-08-06 20:20:55,34.6391,-120.4579,93.02,68,1,18.41
412,Saint-Joseph,RE,2021-08-06 20:21:39,-21.3667,55.6167,64.76,78,60,13.24
413,Martapura,ID,2021-08-06 20:21:39,-3.4167,114.85,77.09,88,75,6.91
414,Randfontein,ZA,2021-08-06 20:21:40,-26.1844,27.702,58.35,30,7,4.32
415,Saldanha,ZA,2021-08-06 20:21:40,-33.0117,17.9442,51.85,84,0,5.55
416,Santa Isabel Do Rio Negro,BR,2021-08-06 20:21:40,-0.4139,-65.0192,82.76,74,63,3.36
417,Saint-Augustin,CA,2021-08-06 20:21:41,51.226,-58.6502,71.24,67,100,16.8
418,Nsanje,MW,2021-08-06 20:21:41,-16.92,35.262,70.75,62,0,5.12
419,Eureka,US,2021-08-06 20:21:41,40.8021,-124.1637,78.21,73,54,4.0
420,Poli,TZ,2021-08-06 20:21:41,-3.3333,36.8,57.38,80,49,4.76
421,Skjervoy,NO,2021-08-06 20:21:42,70.0311,20.9714,55.87,73,100,1.43
422,Boguchany,RU,2021-08-06 20:21:42,58.3814,97.4531,58.37,79,51,3.44
423,La Reforma,MX,2021-08-06 20:21:42,25.0833,-108.05,90.09,61,82,8.75
424,Gizo,SB,2021-08-06 20:21:42,-8.103,156.8419,80.56,73,82,15.48
425,Abu Dhabi,AE,2021-08-06 20:21:43,24.4667,54.3667,95.11,84,0,6.91
426,Lakes Entrance,AU,2021-08-06 20:21:43,-37.8811,147.981,42.19,79,60,8.55
427,Carballo,ES,2021-08-06 20:21:43,43.213,-8.691,64.87,88,100,7.56
428,Noumea,NC,2021-08-06 20:19:50,-22.2763,166.4572,68.0,99,91,5.03
429,Yurga,RU,2021-08-06 20:17:03,55.7231,84.8861,57.78,97,94,5.03
430,Tambacounda,SN,2021-08-06 20:21:44,13.7539,-13.7586,79.25,79,100,10.96
431,Buala,SB,2021-08-06 20:21:44,-8.145,159.5921,77.41,79,54,7.07
432,Yamada,JP,2021-08-06 20:21:44,39.4667,141.95,73.8,88,5,6.82
433,Puerto Escondido,MX,2021-08-06 20:21:45,15.85,-97.0667,85.03,65,75,5.75
434,Pauini,BR,2021-08-06 20:21:45,-7.7136,-66.9764,98.28,21,0,1.7
435,Zaraza,VE,2021-08-06 20:21:45,9.3503,-65.3245,88.79,52,19,0.56
436,Mayumba,GA,2021-08-06 20:21:45,-3.432,10.6554,72.88,88,24,6.96
437,Souillac,MU,2021-08-06 20:21:46,-20.5167,57.5167,70.18,73,75,13.8
438,Beatrice,US,2021-08-06 20:21:46,40.2681,-96.747,96.73,46,1,12.66
439,Caceres,ES,2021-08-06 20:21:46,39.522,-6.3748,73.8,31,0,15.05
440,Kant,IN,2021-08-06 20:21:46,27.8,79.8,86.16,71,100,5.1
441,Radomsko,PL,2021-08-06 20:21:47,51.0671,19.4448,56.52,82,100,8.37
442,Inhambane,MZ,2021-08-06 20:21:47,-23.865,35.3833,67.59,77,0,8.25
443,Miramar,US,2021-08-06 20:21:48,25.9873,-80.2323,93.02,67,20,11.5
444,Joacaba,BR,2021-08-06 20:21:48,-27.1781,-51.5047,70.07,53,89,4.5
445,Umm Lajj,SA,2021-08-06 20:21:48,25.0213,37.2685,89.24,65,5,1.88
446,Corner Brook,CA,2021-08-06 20:21:48,48.9667,-57.9484,71.76,96,100,13.51
447,Carora,VE,2021-08-06 20:21:49,10.1755,-70.0827,96.35,28,21,8.79
448,Mezen,RU,2021-08-06 20:21:49,65.8522,44.24,47.21,83,32,2.19
449,Tottori,JP,2021-08-06 20:19:55,35.5,134.2333,78.19,84,9,6.42
450,Muskegon,US,2021-08-06 20:17:41,43.3,-86.1334,80.82,73,75,14.97
451,Plymouth,US,2021-08-06 20:21:50,41.8334,-70.8328,85.46,68,20,10.36
452,Kichera,RU,2021-08-06 20:21:50,55.9375,110.0997,53.82,92,78,1.01
453,Alipur,PK,2021-08-06 20:21:50,29.3846,70.9116,98.28,30,4,12.21
454,Cabedelo,BR,2021-08-06 20:21:50,-6.9811,-34.8339,79.47,76,58,18.3
455,La Sarre,CA,2021-08-06 20:21:51,48.8002,-79.1996,65.05,94,100,12.97
456,Lusambo,CD,2021-08-06 20:21:51,-4.9667,23.45,77.5,28,23,2.01
457,Sokoni,TZ,2021-08-06 20:21:51,-6.4333,39.55,75.58,77,74,14.12
458,Druzhba,UA,2021-08-06 20:21:52,52.0428,33.9453,63.3,96,100,3.74
459,Paka,MY,2021-08-06 20:21:52,4.6374,103.4368,75.13,100,36,0.0
460,Toba,JP,2021-08-06 20:21:52,34.4833,136.85,80.6,84,25,18.05
461,Maceio,BR,2021-08-06 20:20:02,-9.6658,-35.7353,74.64,83,40,6.91
462,Shache,CN,2021-08-06 20:21:53,38.4167,77.2406,77.7,32,6,8.59
463,Montilla,ES,2021-08-06 20:21:53,37.5863,-4.6381,88.81,20,0,14.58
464,Bozova,TR,2021-08-06 20:21:53,37.3625,38.5267,86.92,23,67,3.51
465,Sidi Ali,DZ,2021-08-06 20:21:53,36.0998,0.4206,79.84,43,0,0.83
466,Harnosand,SE,2021-08-06 20:21:54,62.6323,17.9379,60.01,82,6,7.36
467,Bilma,NE,2021-08-06 20:21:54,18.6853,12.9164,98.74,8,57,7.7
468,San Policarpo,PH,2021-08-06 20:21:54,12.1791,125.5072,79.25,82,91,6.8
469,Harper,LR,2021-08-06 20:21:54,4.375,-7.7169,76.51,77,16,7.49
470,Baza,ES,2021-08-06 20:21:55,37.4907,-2.7726,86.74,25,0,4.0
471,Ulcinj,ME,2021-08-06 20:21:55,41.9294,19.2244,79.02,68,0,4.29
472,Yakeshi,CN,2021-08-06 20:21:55,49.2833,120.7333,55.06,88,6,3.27
473,Ostrovnoy,RU,2021-08-06 20:21:56,68.0531,39.5131,51.51,86,24,6.55
474,Ugoofaaru,MV,2021-08-06 20:21:56,5.6667,73.0,82.71,77,100,18.52
475,Irbeyskoye,RU,2021-08-06 20:21:56,55.6428,95.4522,59.41,89,90,2.57
476,Nikolayevsk-Na-Amure,RU,2021-08-06 20:21:57,53.1406,140.73,53.74,98,100,8.66
477,Gwadar,PK,2021-08-06 20:21:57,25.1216,62.3254,80.76,85,8,4.45
478,West Odessa,US,2021-08-06 20:21:57,31.8424,-102.4988,94.41,30,40,6.91
479,Alta Floresta,BR,2021-08-06 20:21:57,-9.8756,-56.0861,94.82,23,0,6.91
480,Saurimo,AO,2021-08-06 20:21:58,-9.6608,20.3916,66.76,19,0,5.55
481,Bodden Town,KY,2021-08-06 20:21:58,19.2833,-81.25,89.98,69,40,3.0
482,Daru,PG,2021-08-06 20:21:58,-9.0763,143.2092,75.65,79,100,15.21
483,Kumertau,RU,2021-08-06 20:21:59,52.7667,55.7833,59.16,57,51,7.16
484,Anloga,GH,2021-08-06 20:21:59,5.7947,0.8973,77.34,82,60,12.19
485,Gornyak,RU,2021-08-06 20:21:59,50.9942,81.4661,59.2,70,0,1.99
486,Veraval,IN,2021-08-06 20:22:00,20.9,70.3667,81.55,83,100,13.49
487,Mecca,SA,2021-08-06 20:22:00,21.4267,39.8261,90.79,41,0,3.91
488,Farafangana,MG,2021-08-06 20:22:00,-22.8167,47.8333,66.29,79,57,2.35
489,Karachi,PK,2021-08-06 20:19:34,24.9056,67.0822,82.22,69,75,5.75
490,Turukhansk,RU,2021-08-06 20:22:00,65.8167,87.9833,62.15,63,55,8.66
491,Amahai,ID,2021-08-06 20:22:01,-3.3333,128.9167,76.15,91,100,9.33
492,Berdigestyakh,RU,2021-08-06 20:22:01,62.0989,126.6992,61.48,53,91,10.98
493,Sur,OM,2021-08-06 20:22:01,22.5667,59.5289,89.51,56,1,8.77
494,Iracoubo,GF,2021-08-06 20:22:02,5.4802,-53.2011,81.21,83,18,2.44
495,Zhezkazgan,KZ,2021-08-06 20:22:02,47.8043,67.7144,80.92,26,53,7.67
496,Tricase,IT,2021-08-06 20:22:02,39.9304,18.3553,79.32,62,0,6.82
497,Callaguip,PH,2021-08-06 20:22:03,18.0714,120.4867,81.23,87,100,27.94
498,Maxixe,MZ,2021-08-06 20:22:03,-23.8597,35.3472,66.22,80,0,7.27
499,Khatanga,RU,2021-08-06 20:22:03,71.9667,102.5,50.99,59,0,8.12
500,Cantagallo,CO,2021-08-06 20:22:03,7.376,-73.9196,93.31,45,100,3.18
501,Tessalit,ML,2021-08-06 20:22:04,20.1986,1.0114,94.96,29,74,5.32
502,Conde,BR,2021-08-06 20:22:04,-7.2597,-34.9075,78.26,69,0,13.8
503,Wewak,PG,2021-08-06 20:22:04,-3.5534,143.6268,78.04,84,100,4.63
504,Cruzeiro Do Sul,BR,2021-08-06 20:22:05,-29.5128,-51.9853,76.08,73,100,5.75
505,Santarem,BR,2021-08-06 20:22:05,-2.4431,-54.7083,86.13,74,20,4.61
506,Matadi,CD,2021-08-06 20:22:05,-5.8167,13.45,76.78,69,22,8.14
507,Talen,IN,2021-08-06 20:22:06,23.5667,76.7167,73.15,94,100,10.16
508,Semporna,MY,2021-08-06 20:22:06,4.4818,118.6112,75.4,80,90,2.86
509,Bandar-E Anzali,IR,2021-08-06 20:22:06,37.4727,49.4622,80.89,61,58,3.65
510,Waitati,NZ,2021-08-06 20:22:06,-45.75,170.5667,45.81,61,22,8.99
511,Boaco,NI,2021-08-06 20:22:07,12.4722,-85.6586,84.42,62,12,17.74
512,Havre-Saint-Pierre,CA,2021-08-06 20:22:07,50.2334,-63.5986,71.96,73,1,10.36
513,Kindu,CD,2021-08-06 20:22:07,-2.95,25.95,81.01,47,99,2.06
514,Petrolina,BR,2021-08-06 20:21:37,-9.3986,-40.5008,84.25,45,40,12.66
515,Waipawa,NZ,2021-08-06 20:22:08,-41.4122,175.5153,51.03,90,63,5.08
516,Mastic Beach,US,2021-08-06 20:19:08,40.7668,-72.8521,89.2,69,1,1.01
517,Kloulklubed,PW,2021-08-06 20:22:08,7.0419,134.2556,80.62,78,99,3.53
518,Torzhok,RU,2021-08-06 20:22:08,57.0436,34.9622,61.57,99,100,7.7
519,Kattivakkam,IN,2021-08-06 20:22:08,13.2167,80.3167,84.29,70,99,14.88
520,Edd,ER,2021-08-06 20:22:09,13.9297,41.6925,90.05,68,77,10.4
521,Las Vegas,US,2021-08-06 20:21:30,36.175,-115.1372,106.95,4,1,16.11
522,Thale,DE,2021-08-06 20:22:09,51.75,11.05,62.74,86,7,7.7
523,Airai,TL,2021-08-06 20:22:09,-8.9266,125.4092,53.19,81,28,3.94
524,Ulaanbaatar,MN,2021-08-06 20:18:26,47.9077,106.8832,53.73,82,40,6.71
525,Raudeberg,NO,2021-08-06 20:22:10,61.9875,5.1352,67.6,83,83,12.97
526,Aberdeen,GB,2021-08-06 20:17:22,57.1437,-2.0981,60.55,98,90,9.22
527,Novobelokatay,RU,2021-08-06 20:20:13,55.7062,58.9549,49.93,87,0,2.75
528,Tonj,SS,2021-08-06 20:22:10,7.2737,28.6822,72.16,91,100,2.48
529,Soe,ID,2021-08-06 20:22:10,-9.8607,124.284,60.04,86,15,5.48
530,Gunnedah,AU,2021-08-06 20:22:11,-30.9833,150.25,31.73,94,0,1.3
531,Mormugao,IN,2021-08-06 20:22:11,15.4,73.8,78.67,84,91,13.98
532,Cootamundra,AU,2021-08-06 20:22:11,-34.65,148.0333,45.95,64,100,9.66
533,Aasiaat,GL,2021-08-06 20:22:12,68.7098,-52.8699,39.02,93,100,7.85
534,Bull Savanna,JM,2021-08-06 20:22:12,17.8868,-77.5902,85.06,61,33,18.48
535,Dekar,BW,2021-08-06 20:22:12,-21.5333,21.9333,63.21,26,0,6.49
536,Ambon,ID,2021-08-06 20:22:12,-3.6954,128.1814,77.29,87,97,17.05
537,Riyadh,SA,2021-08-06 20:18:44,24.6877,46.7219,95.14,11,2,8.28
538,Tromso,NO,2021-08-06 20:20:48,69.6496,18.957,59.02,63,0,3.44
539,Clyde River,CA,2021-08-06 20:22:13,70.4692,-68.5914,39.43,93,75,9.22
540,Heihe,CN,2021-08-06 20:22:13,50.2441,127.4902,63.18,90,62,2.48
541,Magna,US,2021-08-06 20:22:13,40.7091,-112.1016,85.68,23,40,5.01
542,Coahuayana,MX,2021-08-06 20:22:14,18.7333,-103.6833,87.28,79,94,5.37
543,Raga,SS,2021-08-06 20:22:14,8.4596,25.678,68.85,94,100,2.51
544,The Valley,AI,2021-08-06 20:22:14,18.217,-63.0578,87.66,62,20,11.5
545,Inongo,CD,2021-08-06 20:22:15,-1.95,18.2667,74.28,67,13,6.93
546,Dobele,LV,2021-08-06 20:22:15,56.625,23.2786,60.35,94,100,12.66
547,Bad Tolz,DE,2021-08-06 20:22:15,47.7611,11.5589,61.5,91,64,3.56
548,Almaznyy,RU,2021-08-06 20:22:15,48.0448,40.045,84.34,29,66,14.76
549,Liku,ID,2021-08-06 20:22:16,-0.7275,119.8922,76.68,90,100,3.71
550,Bose,IT,2021-08-06 20:22:16,45.4612,8.0137,71.17,69,6,5.59
551,Pasca,CO,2021-08-06 20:22:16,4.3072,-74.3006,71.67,71,52,0.85
552,Karmala,IN,2021-08-06 20:22:17,18.4167,75.2,75.06,82,14,10.27
553,Nuevo Ideal,MX,2021-08-06 20:22:17,24.8875,-105.0728,70.2,63,98,4.68
554,San Cristobal,VE,2021-08-06 20:22:17,7.7669,-72.225,87.98,60,23,7.43
555,Ankara,TR,2021-08-06 20:22:17,39.9199,32.8543,83.44,24,0,2.3
556,Sa Kaeo,TH,2021-08-06 20:22:18,13.75,102.3333,75.87,94,100,7.56
557,Petatlan,MX,2021-08-06 20:22:18,17.5167,-101.2667,89.4,64,100,5.46
558,Longonjo,AO,2021-08-06 20:22:18,-12.9067,15.2533,66.54,19,0,3.11
559,Itabirito,BR,2021-08-06 20:22:19,-20.2533,-43.8014,68.97,50,83,8.37
560,Hellvik,NO,2021-08-06 20:22:19,59.9156,5.781,68.56,55,22,13.6
561,Livingston,GB,2021-08-06 20:22:19,55.9029,-3.5226,59.85,93,40,2.3
562,Sinnamary,GF,2021-08-06 20:22:19,5.3833,-52.95,81.23,84,26,1.81
