City_ID,City,Country,Date,Lat,Lng,Max Temp,Humidity,Cloudiness,Wind Speed,Description
0,Ulladulla,AU,2021-08-08 18:15:00,-35.35,150.4667,46.09,67,92,4.12,overcast clouds
1,Hilo,US,2021-08-08 18:14:28,19.7297,-155.09,76.73,78,90,4.61,overcast clouds
2,Kirensk,RU,2021-08-08 18:15:01,57.7853,108.1119,51.39,76,93,1.03,overcast clouds
3,Clyde River,CA,2021-08-08 18:15:01,70.4692,-68.5914,47.16,54,28,10.63,scattered clouds
4,Lebu,CL,2021-08-08 18:15:02,-37.6167,-73.65,50.41,65,42,9.28,scattered clouds
5,Ushuaia,AR,2021-08-08 18:12:53,-54.8,-68.3,42.46,61,40,6.91,scattered clouds
6,Jieshi,CN,2021-08-08 18:15:03,22.8134,115.8257,82.0,91,98,8.7,light rain
7,Butaritari,KI,2021-08-08 18:15:03,3.0707,172.7902,82.65,64,21,10.2,few clouds
8,Berlevag,NO,2021-08-08 18:15:04,70.8578,29.0864,69.8,63,29,9.44,scattered clouds
9,Cherskiy,RU,2021-08-08 18:15:04,68.75,161.3,50.29,54,30,1.7,scattered clouds
10,Tiksi,RU,2021-08-08 18:15:06,71.6872,128.8694,44.76,88,9,5.48,clear sky
11,Olafsvik,IS,2021-08-08 18:15:06,64.8945,-23.7142,57.56,78,100,7.18,overcast clouds
12,Celestun,MX,2021-08-08 18:15:07,20.8667,-90.4,88.56,60,4,10.6,clear sky
13,Busselton,AU,2021-08-08 18:15:07,-33.65,115.3333,55.09,80,42,23.58,scattered clouds
14,Cayenne,GF,2021-08-08 18:15:07,4.9333,-52.3333,87.1,78,75,5.01,broken clouds
15,Vrangel,RU,2021-08-08 18:15:08,42.7297,133.0839,67.51,85,100,7.0,overcast clouds
16,Dikson,RU,2021-08-08 18:15:08,73.5069,80.5464,47.82,73,3,5.64,clear sky
17,Kapaa,US,2021-08-08 18:15:09,22.0752,-159.319,80.92,68,90,1.01,overcast clouds
18,Roald,NO,2021-08-08 18:15:09,62.5833,6.1333,69.85,77,0,8.05,clear sky
19,Isiro,CD,2021-08-08 18:15:09,2.7739,27.616,67.68,97,96,0.98,overcast clouds
20,Nanortalik,GL,2021-08-08 18:15:10,60.1432,-45.2371,44.69,84,71,14.12,broken clouds
21,Punta Arenas,CL,2021-08-08 18:15:10,-53.15,-70.9167,42.91,70,75,18.41,broken clouds
22,Gorontalo,ID,2021-08-08 18:15:10,0.5412,123.0595,73.76,95,82,2.3,light rain
23,Alice Springs,AU,2021-08-08 18:15:10,-23.7,133.8833,36.95,48,0,3.44,clear sky
24,Avarua,CK,2021-08-08 18:15:11,-21.2078,-159.775,69.85,88,75,1.14,broken clouds
25,Ammon,US,2021-08-08 18:15:11,43.4696,-111.9666,84.25,27,1,3.0,clear sky
26,Albany,US,2021-08-08 18:14:15,42.6001,-73.9662,87.13,61,41,3.51,scattered clouds
27,Tuktoyaktuk,CA,2021-08-08 18:15:11,69.4541,-133.0374,43.92,77,100,10.02,overcast clouds
28,Pevek,RU,2021-08-08 18:15:12,69.7008,170.3133,37.24,82,86,8.37,overcast clouds
29,Sao Filipe,CV,2021-08-08 18:15:12,14.8961,-24.4956,80.15,77,19,7.92,few clouds
30,Yellowknife,CA,2021-08-08 18:14:39,62.456,-114.3525,51.98,47,65,10.04,broken clouds
31,Lavrentiya,RU,2021-08-08 18:15:12,65.5833,-171.0,43.14,85,99,14.2,overcast clouds
32,Mandera,KE,2021-08-08 18:15:13,3.9366,41.867,87.37,32,79,11.07,broken clouds
33,Naze,JP,2021-08-08 18:15:13,28.3667,129.4833,78.08,87,42,15.39,scattered clouds
34,Saint-Philippe,RE,2021-08-08 18:15:13,-21.3585,55.7679,69.39,84,27,7.34,light rain
35,Mokhotlong,LS,2021-08-08 18:15:14,-29.2894,29.0675,44.53,21,3,4.38,clear sky
36,Sioux Lookout,CA,2021-08-08 18:11:41,50.1001,-91.917,66.27,82,90,5.75,overcast clouds
37,Hofn,IS,2021-08-08 18:15:14,64.2539,-15.2082,57.34,73,35,5.64,scattered clouds
38,Kirakira,SB,2021-08-08 18:15:14,-10.4544,161.9205,77.07,86,94,5.93,overcast clouds
39,Camacha,PT,2021-08-08 18:15:15,33.0833,-16.3333,72.54,64,40,12.66,scattered clouds
40,Khatanga,RU,2021-08-08 18:15:15,71.9667,102.5,53.74,62,97,14.27,overcast clouds
41,Kashi,CN,2021-08-08 18:15:15,39.4547,75.9797,85.26,28,71,0.63,broken clouds
42,Massaguet,TD,2021-08-08 18:15:16,12.4755,15.4365,79.56,76,77,13.42,heavy intensity rain
43,Codrington,AU,2021-08-08 18:15:16,-38.2667,141.9667,45.46,75,88,9.44,overcast clouds
44,Mar Del Plata,AR,2021-08-08 18:15:17,-38.0023,-57.5575,48.02,63,100,10.25,light rain
45,Hazorasp,UZ,2021-08-08 18:15:18,41.3194,61.0742,76.84,12,0,14.27,clear sky
46,Grindavik,IS,2021-08-08 18:15:19,63.8424,-22.4338,64.35,72,0,18.41,clear sky
47,Georgetown,MY,2021-08-08 18:15:10,5.4112,100.3354,82.89,82,20,0.0,moderate rain
48,Crossville,US,2021-08-08 18:15:19,35.949,-85.0269,84.15,61,1,1.01,clear sky
49,Oranjestad,AW,2021-08-08 18:12:56,12.524,-70.027,89.55,58,40,16.11,scattered clouds
50,Jamestown,US,2021-08-08 18:14:16,42.097,-79.2353,83.3,60,40,5.99,scattered clouds
51,Rikitea,PF,2021-08-08 18:15:19,-23.1203,-134.9692,74.16,75,48,11.5,scattered clouds
52,Det Udom,TH,2021-08-08 18:15:20,14.906,105.0784,79.74,87,97,4.72,overcast clouds
53,Mataura,NZ,2021-08-08 18:15:20,-46.1927,168.8643,34.48,98,97,3.78,overcast clouds
54,Isangel,VU,2021-08-08 18:15:21,-19.55,169.2667,69.03,76,96,12.06,overcast clouds
55,Mount Isa,AU,2021-08-08 18:15:21,-20.7333,139.5,46.17,53,0,0.0,clear sky
56,Bambous Virieux,MU,2021-08-08 18:14:42,-20.3428,57.7575,69.22,93,96,19.42,moderate rain
57,Ipixuna,BR,2021-08-08 18:15:22,-1.7625,-48.8043,87.75,41,29,2.06,scattered clouds
58,Tuatapere,NZ,2021-08-08 18:15:22,-46.1333,167.6833,34.83,84,97,6.62,overcast clouds
59,Cape Town,ZA,2021-08-08 18:12:37,-33.9258,18.4232,58.1,90,100,5.99,heavy intensity rain
60,Atuona,PF,2021-08-08 18:14:51,-9.8,-139.0333,77.27,80,86,19.1,light rain
61,Kodiak,US,2021-08-08 18:14:43,57.79,-152.4072,56.71,88,90,8.05,light rain
62,Jinka,ET,2021-08-08 18:15:23,5.65,36.65,69.96,56,94,1.12,overcast clouds
63,Saint George,US,2021-08-08 18:15:23,37.1041,-113.5841,99.07,17,1,1.99,clear sky
64,Soyo,AO,2021-08-08 18:15:23,-6.1349,12.3689,73.67,77,29,5.77,scattered clouds
65,Kaitangata,NZ,2021-08-08 18:15:24,-46.2817,169.8464,36.07,90,84,8.93,broken clouds
66,Chokurdakh,RU,2021-08-08 18:15:24,70.6333,147.9167,51.31,69,90,8.3,overcast clouds
67,Kruisfontein,ZA,2021-08-08 18:15:24,-34.0033,24.7314,57.88,84,90,7.38,overcast clouds
68,Airai,TL,2021-08-08 18:15:25,-8.9266,125.4092,54.3,88,38,1.66,scattered clouds
69,Upernavik,GL,2021-08-08 18:15:25,72.7868,-56.1549,41.16,88,91,4.74,overcast clouds
70,Verkh-Chebula,RU,2021-08-08 18:15:26,56.0308,87.6218,60.22,87,68,2.84,broken clouds
71,Am Timan,TD,2021-08-08 18:15:26,11.0297,20.2827,70.07,94,98,2.62,overcast clouds
72,Waipawa,NZ,2021-08-08 18:15:26,-41.4122,175.5153,43.43,60,100,27.83,overcast clouds
73,Burnie,AU,2021-08-08 18:15:27,-41.0667,145.9167,45.91,89,93,3.15,overcast clouds
74,Torbay,CA,2021-08-08 18:15:27,47.6666,-52.7314,74.88,82,75,18.41,broken clouds
75,Inhambane,MZ,2021-08-08 18:15:27,-23.865,35.3833,65.57,65,0,7.67,clear sky
76,Marsh Harbour,BS,2021-08-08 18:15:27,26.5412,-77.0636,83.86,70,10,8.23,clear sky
77,Ishinomaki,JP,2021-08-08 18:15:28,38.4167,141.3,76.17,92,80,4.79,broken clouds
78,East London,ZA,2021-08-08 18:15:28,-33.0153,27.9116,79.74,12,0,6.91,clear sky
79,Elverum,NO,2021-08-08 18:15:29,60.8819,11.5623,63.5,70,75,4.03,light rain
80,Barrow,US,2021-08-08 18:15:29,71.2906,-156.7887,39.22,92,90,8.05,overcast clouds
81,Chapais,CA,2021-08-08 18:15:29,49.7834,-74.8492,69.58,29,50,7.34,scattered clouds
82,Neiafu,TO,2021-08-08 18:15:29,-18.65,-173.9833,74.08,78,75,5.75,broken clouds
83,Bahia Blanca,AR,2021-08-08 18:15:30,-38.7196,-62.2724,55.74,32,87,11.97,overcast clouds
84,Hithadhoo,MV,2021-08-08 18:15:30,-0.6,73.0833,82.45,72,97,5.7,overcast clouds
85,Sitka,US,2021-08-08 18:15:31,57.0531,-135.33,60.69,72,90,3.44,overcast clouds
86,Ahar,IR,2021-08-08 18:15:31,38.4774,47.0699,75.34,51,73,6.33,broken clouds
87,Nishihara,JP,2021-08-08 18:15:32,26.1842,127.7558,80.26,94,40,14.97,scattered clouds
88,Rajapur,IN,2021-08-08 18:15:32,25.3833,81.15,82.67,83,100,6.49,overcast clouds
89,Velika Obarska,BA,2021-08-08 18:15:32,44.8053,19.1642,89.55,22,59,4.97,broken clouds
90,Cochrane,CA,2021-08-08 18:15:33,51.1834,-114.4687,61.86,55,90,2.3,overcast clouds
91,Kamaishi,JP,2021-08-08 18:15:33,39.2667,141.8833,76.66,98,99,9.24,overcast clouds
92,Vaini,TO,2021-08-08 18:15:33,-21.2,-175.2,60.96,94,40,2.3,scattered clouds
93,Rioja,AR,2021-08-08 18:12:15,-29.4111,-66.8507,68.31,30,0,12.03,clear sky
94,Cloquet,US,2021-08-08 18:15:34,46.7216,-92.4594,67.98,100,90,8.05,fog
95,Barra Do Garcas,BR,2021-08-08 18:15:34,-15.89,-52.2567,92.3,20,1,6.33,clear sky
96,Qaanaaq,GL,2021-08-08 18:15:34,77.484,-69.3632,39.7,61,19,2.19,few clouds
97,Sao Joao Da Barra,BR,2021-08-08 18:15:34,-21.6403,-41.0511,75.29,70,86,13.76,overcast clouds
98,Ilulissat,GL,2021-08-08 18:15:35,69.2167,-51.1,44.62,93,90,10.36,light rain
99,Porto-Vecchio,FR,2021-08-08 18:15:35,41.591,9.2795,83.86,51,0,4.61,clear sky
100,Marawi,PH,2021-08-08 18:15:35,7.9986,124.2928,66.65,93,100,2.51,overcast clouds
101,Hami,CN,2021-08-08 18:15:35,42.8,93.45,84.4,15,40,10.22,scattered clouds
102,Nikolskoye,RU,2021-08-08 18:15:36,59.7035,30.7861,67.89,91,89,4.29,overcast clouds
103,Bredasdorp,ZA,2021-08-08 18:15:36,-34.5322,20.0403,60.28,58,100,13.8,overcast clouds
104,New Norfolk,AU,2021-08-08 18:15:16,-42.7826,147.0587,44.1,84,18,2.93,few clouds
105,Waddan,LY,2021-08-08 18:15:36,29.1614,16.139,97.16,17,0,12.91,clear sky
106,Tevaitoa,PF,2021-08-08 18:15:37,-16.7833,-151.5,78.71,76,36,13.0,scattered clouds
107,Hermanus,ZA,2021-08-08 18:14:51,-34.4187,19.2345,60.8,76,100,23.47,overcast clouds
108,Mehamn,NO,2021-08-08 18:15:37,71.0357,27.8492,69.75,43,0,12.66,clear sky
109,Victoria,HK,2021-08-08 18:13:04,22.2855,114.1577,84.33,92,100,8.99,light rain
110,Poum,NC,2021-08-08 18:15:37,-20.2333,164.0167,68.86,67,92,21.56,overcast clouds
111,Caravelas,BR,2021-08-08 18:15:38,-17.7125,-39.2481,74.66,63,13,9.89,few clouds
112,Mbanza-Ngungu,CD,2021-08-08 18:15:38,-5.25,14.8667,74.05,50,6,4.54,clear sky
113,Makokou,GA,2021-08-08 18:15:38,0.5738,12.8642,71.62,85,81,2.59,broken clouds
114,Moquegua,PE,2021-08-08 18:15:38,-17.1956,-70.9353,74.19,25,18,8.81,few clouds
115,Kahului,US,2021-08-08 18:15:39,20.8947,-156.47,80.62,69,20,13.8,few clouds
116,Axim,GH,2021-08-08 18:15:39,4.8699,-2.2405,77.38,83,61,9.64,broken clouds
117,Rabo De Peixe,PT,2021-08-08 18:15:39,37.8,-25.5833,71.11,78,75,13.8,broken clouds
118,Mecca,SA,2021-08-08 18:15:39,21.4267,39.8261,94.37,32,3,7.87,clear sky
119,Mukhen,RU,2021-08-08 18:15:40,48.1,136.1,55.76,91,100,3.78,overcast clouds
120,Tessalit,ML,2021-08-08 18:15:40,20.1986,1.0114,97.79,24,57,8.16,broken clouds
121,Hobart,AU,2021-08-08 18:11:24,-42.8794,147.3294,44.46,86,24,1.99,few clouds
122,Port-Gentil,GA,2021-08-08 18:15:40,-0.7193,8.7815,76.96,83,40,8.05,scattered clouds
123,Taltal,CL,2021-08-08 18:15:41,-25.4,-70.4833,59.02,63,23,7.52,few clouds
124,Tsuruga,JP,2021-08-08 18:15:41,35.6455,136.0558,81.64,88,100,8.08,moderate rain
125,Chernyshevskiy,RU,2021-08-08 18:15:41,63.0128,112.4714,57.96,67,99,1.68,overcast clouds
126,Bengkulu,ID,2021-08-08 18:15:41,-3.8004,102.2655,76.55,91,62,4.52,broken clouds
127,Ixtapa,MX,2021-08-08 18:15:42,20.7,-105.2,87.22,62,1,8.05,clear sky
128,Osoyoos,CA,2021-08-08 18:15:42,49.0331,-119.4524,66.61,55,89,6.91,overcast clouds
129,Hasaki,JP,2021-08-08 18:15:42,35.7333,140.8333,77.4,91,95,13.85,overcast clouds
130,Nagutskoye,RU,2021-08-08 18:15:43,44.4415,42.8762,80.82,51,86,3.02,light rain
131,Pierre,US,2021-08-08 18:15:43,44.3683,-100.351,88.72,40,1,4.61,clear sky
132,Vardo,NO,2021-08-08 18:15:43,70.3705,31.1107,62.8,67,0,16.11,clear sky
133,Castro,BR,2021-08-08 18:15:43,-24.7911,-50.0119,65.62,62,45,4.07,scattered clouds
134,Mattawa,US,2021-08-08 18:15:44,46.7379,-119.9028,75.67,31,5,16.84,clear sky
135,Knysna,ZA,2021-08-08 18:15:44,-34.0363,23.0471,55.78,83,75,2.48,broken clouds
136,Lata,PT,2021-08-08 18:15:44,40.1629,-8.3327,80.04,47,0,10.6,clear sky
137,Melendugno,IT,2021-08-08 18:15:44,40.2747,18.3368,87.57,48,0,11.5,clear sky
138,Narsaq,GL,2021-08-08 18:15:45,60.9167,-46.05,53.82,62,14,12.44,few clouds
139,Sant,RO,2021-08-08 18:15:45,47.45,24.9,66.79,74,2,2.21,clear sky
140,Lucea,JM,2021-08-08 18:15:45,18.451,-78.1736,89.46,68,10,15.43,clear sky
141,Forestville,US,2021-08-08 18:15:46,38.8451,-76.875,91.54,52,20,8.05,few clouds
142,Monte Carmelo,BR,2021-08-08 18:15:46,-18.7247,-47.4986,77.02,30,0,7.65,clear sky
143,Lompoc,US,2021-08-08 18:15:46,34.6391,-120.4579,83.21,82,1,6.91,clear sky
144,Yenagoa,NG,2021-08-08 18:15:47,4.9247,6.2642,73.89,91,98,8.21,light rain
145,Manokwari,ID,2021-08-08 18:15:47,-0.8667,134.0833,77.52,78,83,2.8,broken clouds
146,La Romana,DO,2021-08-08 18:15:47,18.4273,-68.9728,89.96,62,40,11.5,scattered clouds
147,Bluff,NZ,2021-08-08 18:15:47,-46.6,168.3333,34.81,61,54,15.37,broken clouds
148,Raudeberg,NO,2021-08-08 18:15:48,61.9875,5.1352,67.78,63,87,3.91,overcast clouds
149,Houma,US,2021-08-08 18:15:48,29.5958,-90.7195,93.2,73,75,9.22,light rain
150,Avera,US,2021-08-08 18:15:48,33.194,-82.5271,91.71,43,13,0.89,few clouds
151,Hervey Bay,AU,2021-08-08 18:15:48,-25.2986,152.8535,56.03,80,18,7.52,few clouds
152,Tasiilaq,GL,2021-08-08 18:15:49,65.6145,-37.6368,44.76,96,100,18.48,moderate rain
153,San Patricio,US,2021-08-08 18:15:49,28.017,-97.5169,93.92,51,10,19.73,clear sky
154,Evensk,RU,2021-08-08 18:15:49,61.95,159.2333,51.67,68,34,10.31,scattered clouds
155,Kuah,MY,2021-08-08 18:15:50,6.3265,99.8432,82.38,89,20,0.0,few clouds
156,Sajanan,TN,2021-08-08 18:15:50,37.0573,9.2426,84.47,47,84,9.84,broken clouds
157,Puerto Ayora,EC,2021-08-08 18:15:50,-0.7393,-90.3518,75.16,85,45,10.0,scattered clouds
158,Geraldton,AU,2021-08-08 18:15:50,-28.7667,114.6,64.81,82,40,16.11,scattered clouds
159,Montepuez,MZ,2021-08-08 18:15:51,-13.1256,38.9997,70.92,57,53,7.25,broken clouds
160,Ambilobe,MG,2021-08-08 18:15:51,-13.2,49.05,71.2,84,79,3.0,light rain
161,Rocha,UY,2021-08-08 18:12:27,-34.4833,-54.3333,59.22,91,98,10.85,overcast clouds
162,Tauranga,NZ,2021-08-08 18:15:51,-37.6861,176.1667,46.85,57,14,5.01,few clouds
163,Kaeo,NZ,2021-08-08 18:15:51,-35.1,173.7833,44.33,96,91,12.39,overcast clouds
164,Port Alfred,ZA,2021-08-08 18:15:32,-33.5906,26.891,63.99,63,66,17.07,broken clouds
165,Rio Gallegos,AR,2021-08-08 18:15:11,-51.6226,-69.2181,48.25,61,0,28.77,clear sky
166,Proletariy,RU,2021-08-08 18:15:52,58.4342,31.7046,65.39,88,88,5.06,overcast clouds
167,Lahad Datu,MY,2021-08-08 18:15:52,5.0268,118.327,77.34,89,99,1.97,overcast clouds
168,Rawson,AR,2021-08-08 18:15:52,-43.3002,-65.1023,51.67,34,0,6.98,clear sky
169,Nouadhibou,MR,2021-08-08 18:15:53,20.931,-17.0347,73.38,78,0,19.57,clear sky
170,Port Elizabeth,ZA,2021-08-08 18:14:57,-33.918,25.5701,60.1,81,88,15.12,overcast clouds
171,Planaltina,BR,2021-08-08 18:15:53,-15.4528,-47.6142,77.29,27,0,7.4,clear sky
172,Orchard Homes,US,2021-08-08 18:15:53,46.8633,-114.0484,60.6,92,90,1.99,mist
173,Byron Bay,AU,2021-08-08 18:15:54,-28.65,153.6167,58.95,70,100,9.13,overcast clouds
174,Fukue,JP,2021-08-08 18:15:54,32.6881,128.8419,80.04,83,87,26.24,overcast clouds
175,Santiago Tuxtla,MX,2021-08-08 18:15:54,18.4667,-95.3,85.32,68,80,3.87,broken clouds
176,Minbu,MM,2021-08-08 18:15:54,20.1833,94.8833,79.41,82,94,6.22,overcast clouds
177,Nuuk,GL,2021-08-08 18:15:55,64.1835,-51.7216,45.21,87,75,9.22,broken clouds
178,Pemangkat,ID,2021-08-08 18:15:55,1.1667,108.9667,78.6,86,98,4.76,overcast clouds
179,Cabo San Lucas,MX,2021-08-08 18:15:13,22.8909,-109.9124,94.51,61,20,3.0,few clouds
180,Harrison,US,2021-08-08 18:12:27,30.4091,-89.0436,96.31,65,40,6.91,scattered clouds
181,Talnakh,RU,2021-08-08 18:15:17,69.4865,88.3972,59.34,56,0,2.55,clear sky
182,Ostrovnoy,RU,2021-08-08 18:15:56,68.0531,39.5131,53.92,73,32,10.92,scattered clouds
183,Flin Flon,CA,2021-08-08 18:15:07,54.7682,-101.865,61.3,87,100,4.14,overcast clouds
184,Znamenskoye,RU,2021-08-08 18:15:56,57.1281,73.8282,62.96,94,96,4.97,overcast clouds
185,Kuusankoski,FI,2021-08-08 18:15:56,60.907,26.6244,63.12,88,0,4.61,clear sky
186,Kailua,US,2021-08-08 18:15:56,21.4022,-157.7394,80.58,68,75,8.05,broken clouds
187,Fuling,CN,2021-08-08 18:15:57,29.7022,107.3919,77.49,97,100,3.38,overcast clouds
188,Moron,AR,2021-08-08 18:15:38,-34.6534,-58.6198,51.49,85,92,13.0,light rain
189,Lokossa,BJ,2021-08-08 18:15:57,6.6387,1.7167,75.31,90,100,8.52,moderate rain
190,Hualmay,PE,2021-08-08 18:15:57,-11.0964,-77.6139,66.58,72,61,12.06,broken clouds
191,Bethel,US,2021-08-08 18:15:58,41.3712,-73.414,83.41,61,20,6.91,few clouds
192,Vanavara,RU,2021-08-08 18:15:58,60.34,102.2797,55.83,61,71,4.56,broken clouds
193,Saskylakh,RU,2021-08-08 18:12:12,71.9167,114.0833,60.75,56,97,9.1,overcast clouds
194,Niquero,CU,2021-08-08 18:15:58,20.0431,-77.5828,84.69,70,65,2.98,broken clouds
195,Komsomolskiy,UZ,2021-08-08 18:15:58,40.4272,71.7189,83.12,36,2,4.61,clear sky
196,Wanlaweyn,SO,2021-08-08 18:15:59,2.6185,44.8938,76.55,78,51,18.34,broken clouds
197,Marzuq,YE,2021-08-08 18:15:59,14.4,46.4667,88.48,27,82,12.26,broken clouds
198,Doha,QA,2021-08-08 18:14:38,25.2867,51.5333,98.91,75,0,6.91,clear sky
199,Lagos,NG,2021-08-08 18:15:11,6.5833,3.75,74.73,92,100,6.71,light rain
200,Ancud,CL,2021-08-08 18:15:32,-41.8697,-73.8203,54.43,60,2,4.74,clear sky
201,Trinidad,BO,2021-08-08 18:15:59,-14.8333,-64.9,93.18,40,20,13.8,smoke
202,Betul,IN,2021-08-08 18:16:00,21.9153,77.8961,74.23,91,96,4.9,overcast clouds
203,Payson,US,2021-08-08 18:16:00,40.0444,-111.7321,92.52,27,1,4.0,smoke
204,Santa Elena,EC,2021-08-08 18:16:00,-2.2333,-80.85,74.23,72,62,11.5,broken clouds
205,Esperance,AU,2021-08-08 18:15:41,-33.8667,121.9,59.63,76,3,14.2,clear sky
206,Serebryanyy Bor,RU,2021-08-08 18:16:01,56.8,124.8,52.93,69,99,6.96,overcast clouds
207,Gizo,SB,2021-08-08 18:15:10,-8.103,156.8419,80.22,74,69,4.9,broken clouds
208,Vysha,RU,2021-08-08 18:16:01,53.8477,42.3777,73.47,51,99,6.04,light rain
209,Fort Nelson,CA,2021-08-08 18:16:01,58.8053,-122.7002,56.79,77,75,2.3,broken clouds
210,Zlitan,LY,2021-08-08 18:16:02,32.4674,14.5687,85.33,56,0,15.28,clear sky
211,Norman Wells,CA,2021-08-08 18:16:02,65.282,-126.8329,50.04,71,90,10.36,overcast clouds
212,Motril,ES,2021-08-08 18:16:02,36.7507,-3.5179,98.13,57,0,3.89,clear sky
213,Lasa,IT,2021-08-08 18:16:02,46.6166,10.7002,73.31,85,67,1.83,broken clouds
214,Yar-Sale,RU,2021-08-08 18:16:03,66.8333,70.8333,53.49,70,81,17.36,broken clouds
215,Lorengau,PG,2021-08-08 18:16:03,-2.0226,147.2712,80.74,79,64,9.44,broken clouds
216,Aktau,KZ,2021-08-08 18:16:03,43.65,51.2,88.38,25,28,5.19,scattered clouds
217,Hailey,US,2021-08-08 18:16:04,43.5196,-114.3153,67.86,52,1,11.5,clear sky
218,Swan River,CA,2021-08-08 18:16:04,52.1058,-101.2676,80.49,54,86,8.05,overcast clouds
219,Severo-Kurilsk,RU,2021-08-08 18:16:04,50.6789,156.125,52.72,83,33,10.67,scattered clouds
220,Billings,US,2021-08-08 18:12:49,45.7833,-108.5007,97.36,19,20,13.8,few clouds
221,Irbil,IQ,2021-08-08 18:16:04,36.1926,44.0106,94.82,14,0,4.61,clear sky
222,Tupaciguara,BR,2021-08-08 18:16:05,-18.5922,-48.705,76.12,26,0,8.28,clear sky
223,Takoradi,GH,2021-08-08 18:16:05,4.8845,-1.7554,78.01,78,78,11.56,broken clouds
224,Kavieng,PG,2021-08-08 18:16:05,-2.5744,150.7967,80.76,76,91,10.92,light rain
225,Aljezur,PT,2021-08-08 18:16:06,37.3191,-8.8033,68.18,65,0,15.57,clear sky
226,Asau,RO,2021-08-08 18:16:06,46.4333,26.4,72.52,65,13,1.99,few clouds
227,Najran,SA,2021-08-08 18:16:06,17.4924,44.1277,93.85,13,98,8.08,overcast clouds
228,Huescar,ES,2021-08-08 18:16:06,37.811,-2.5412,86.94,38,0,11.05,clear sky
229,Namatanai,PG,2021-08-08 18:16:07,-3.6667,152.4333,77.45,83,98,5.95,light rain
230,Coihaique,CL,2021-08-08 18:16:07,-45.5752,-72.0662,48.15,53,0,3.44,clear sky
231,Leiyang,CN,2021-08-08 18:16:07,26.4024,112.8591,80.11,91,99,4.07,overcast clouds
232,Presidencia Roque Saenz Pena,AR,2021-08-08 18:16:07,-26.7852,-60.4388,94.89,19,25,15.14,scattered clouds
233,Gayeri,BF,2021-08-08 18:16:08,12.6497,0.4931,87.73,56,70,9.82,broken clouds
234,Provideniya,RU,2021-08-08 18:16:08,64.3833,-173.3,44.65,84,100,13.47,overcast clouds
235,Saldanha,ZA,2021-08-08 18:16:05,-33.0117,17.9442,58.08,79,100,17.13,overcast clouds
236,Pangnirtung,CA,2021-08-08 18:16:08,66.1451,-65.7125,48.2,66,90,13.8,overcast clouds
237,Longyearbyen,SJ,2021-08-08 18:16:09,78.2186,15.6401,44.44,81,20,12.66,few clouds
238,Leningradskiy,RU,2021-08-08 18:16:09,69.3833,178.4167,37.74,79,67,15.37,broken clouds
239,Grand Gaube,MU,2021-08-08 18:16:09,-20.0064,57.6608,69.39,89,92,5.01,light rain
240,Wanning,CN,2021-08-08 18:16:09,18.8003,110.3967,82.06,87,100,9.62,overcast clouds
241,Itarema,BR,2021-08-08 18:15:33,-2.9248,-39.9167,85.08,59,2,20.8,clear sky
242,Khatra,IN,2021-08-08 18:16:10,22.9833,86.85,81.18,83,95,6.17,overcast clouds
243,Dubti,ET,2021-08-08 18:16:10,11.7361,41.0853,95.65,37,18,5.86,few clouds
244,Thompson,CA,2021-08-08 18:16:10,55.7435,-97.8558,62.76,100,90,5.75,mist
245,Eyrarbakki,IS,2021-08-08 18:16:11,63.863,-21.1481,64.45,72,83,7.25,broken clouds
246,Khalki,GR,2021-08-08 18:16:11,39.5667,22.5333,81.59,57,0,6.91,clear sky
247,Cidreira,BR,2021-08-08 18:15:35,-30.1811,-50.2056,66.22,73,2,9.24,clear sky
248,Banjar,ID,2021-08-08 18:16:11,-8.19,114.9675,78.66,88,72,3.69,broken clouds
249,Kyra,RU,2021-08-08 18:12:14,49.5776,111.9753,51.76,88,94,6.02,light rain
250,Curvelo,BR,2021-08-08 18:16:12,-18.7564,-44.4308,78.76,29,34,8.41,scattered clouds
251,Galeana,MX,2021-08-08 18:16:12,24.8333,-100.0667,77.31,41,6,4.79,clear sky
252,Saldana,CO,2021-08-08 18:16:12,3.9292,-75.0152,90.05,45,97,5.88,overcast clouds
253,Conde,BR,2021-08-08 18:16:12,-7.2597,-34.9075,80.06,69,75,17.27,broken clouds
254,Margate,GB,2021-08-08 18:16:13,51.3813,1.3862,66.69,68,91,4.0,overcast clouds
255,Vila Franca Do Campo,PT,2021-08-08 18:16:13,37.7167,-25.4333,72.01,76,70,9.44,broken clouds
256,Salinopolis,BR,2021-08-08 18:16:13,-0.6136,-47.3561,84.22,64,16,12.55,few clouds
257,Mimongo,GA,2021-08-08 18:16:14,-1.6195,11.6068,72.05,78,78,4.7,broken clouds
258,Hinton,CA,2021-08-08 18:16:14,53.4001,-117.5857,64.44,73,100,3.06,overcast clouds
259,San Rafael Del Sur,NI,2021-08-08 18:16:14,11.8485,-86.4384,88.77,59,65,12.24,broken clouds
260,Baglung,NP,2021-08-08 18:16:14,28.2719,83.5898,72.45,96,99,1.25,overcast clouds
261,Fairbanks,US,2021-08-08 18:11:24,64.8378,-147.7164,60.76,82,90,9.22,overcast clouds
262,Sokoto,NG,2021-08-08 18:16:15,13.0609,5.239,84.81,59,99,7.87,overcast clouds
263,Karatau,KZ,2021-08-08 18:16:15,43.1667,70.4667,84.43,17,2,8.21,clear sky
264,Masuda,JP,2021-08-08 18:16:15,34.6667,131.85,77.52,98,100,28.48,light rain
265,Kavkazskaya,RU,2021-08-08 18:16:16,45.445,40.6728,82.18,64,30,7.27,light rain
266,Adrar,MR,2021-08-08 18:16:16,20.5022,-10.0711,102.38,12,6,16.53,clear sky
267,Limin Khersonisou,GR,2021-08-08 18:16:16,35.3162,25.3928,84.24,78,0,9.22,clear sky
268,Chuy,UY,2021-08-08 18:16:17,-33.6971,-53.4616,71.51,66,45,4.14,scattered clouds
269,Morondava,MG,2021-08-08 18:16:17,-20.2833,44.2833,72.72,67,0,13.62,clear sky
270,Charters Towers,AU,2021-08-08 18:16:17,-20.1,146.2667,55.96,93,4,7.83,clear sky
271,Saint-Pierre,RE,2021-08-08 18:16:17,-21.3393,55.4781,69.48,67,0,4.61,clear sky
272,Lake City,US,2021-08-08 18:12:50,30.1897,-82.6393,91.74,45,8,4.34,clear sky
273,Tura,IN,2021-08-08 18:16:18,25.5198,90.2201,75.63,97,89,6.38,moderate rain
274,Mahebourg,MU,2021-08-08 18:16:18,-20.4081,57.7,69.26,100,75,3.44,moderate rain
275,Glendive,US,2021-08-08 18:16:18,47.1053,-104.7125,97.52,27,1,9.22,clear sky
276,Bridlington,GB,2021-08-08 18:16:18,54.0831,-0.1919,64.58,77,81,22.3,broken clouds
277,Jimo,CN,2021-08-08 18:16:19,36.3897,120.4622,74.98,88,20,4.47,few clouds
278,Solnechnyy,RU,2021-08-08 18:16:19,50.7214,136.6319,48.96,99,100,3.33,overcast clouds
279,Yumen,CN,2021-08-08 18:16:19,40.2833,97.2,74.75,20,5,9.42,clear sky
280,Mondeville,FR,2021-08-08 18:16:19,49.175,-0.3224,65.98,68,90,11.5,overcast clouds
281,Petropavlovsk-Kamchatskiy,RU,2021-08-08 18:16:20,53.0452,158.6483,45.19,100,75,4.47,broken clouds
282,Tazovskiy,RU,2021-08-08 18:16:20,67.4667,78.7,56.46,63,5,9.08,clear sky
283,Klaksvik,FO,2021-08-08 18:16:20,62.2266,-6.589,54.52,93,97,6.89,overcast clouds
284,Gao,ML,2021-08-08 18:16:21,16.6362,1.637,96.69,30,100,11.16,overcast clouds
285,Chalon-Sur-Saone,FR,2021-08-08 18:16:21,46.7833,4.85,70.45,72,29,4.99,scattered clouds
286,Arua,UG,2021-08-08 18:16:21,3.0201,30.9111,64.45,90,90,3.94,light rain
287,Chalus,IR,2021-08-08 18:15:58,36.655,51.4204,81.86,89,40,0.0,scattered clouds
288,Izmit,TR,2021-08-08 18:16:21,40.7669,29.9169,77.27,94,40,0.0,scattered clouds
289,Tondano,ID,2021-08-08 18:16:22,1.3038,124.9112,66.29,92,99,2.82,light rain
290,Necochea,AR,2021-08-08 18:16:22,-38.5473,-58.7368,52.03,44,91,8.08,overcast clouds
291,Balagansk,RU,2021-08-08 18:12:16,54.0103,103.0544,53.78,56,69,2.84,broken clouds
292,Faanui,PF,2021-08-08 18:16:20,-16.4833,-151.75,78.73,74,19,13.49,few clouds
293,Nelson Bay,AU,2021-08-08 18:16:22,-32.7167,152.15,57.99,83,78,11.3,broken clouds
294,Aden,YE,2021-08-08 18:16:13,12.7794,45.0367,85.46,76,20,4.76,few clouds
295,Chiredzi,ZW,2021-08-08 18:16:23,-21.05,31.6667,66.18,48,0,4.68,clear sky
296,Teahupoo,PF,2021-08-08 18:16:23,-17.8333,-149.2667,73.36,78,92,8.5,overcast clouds
297,Kannod,IN,2021-08-08 18:16:23,22.6667,76.7333,76.68,94,93,7.18,overcast clouds
298,Llanes,ES,2021-08-08 18:16:24,43.4198,-4.7549,69.85,74,61,2.77,broken clouds
299,Karratha,AU,2021-08-08 18:16:24,-20.7377,116.8463,67.91,64,4,4.38,light rain
300,Walvis Bay,NA,2021-08-08 18:16:24,-22.9575,14.5053,58.08,76,6,5.75,clear sky
301,Tual,ID,2021-08-08 18:16:24,-5.6667,132.75,80.2,79,100,19.22,overcast clouds
302,Alyangula,AU,2021-08-08 18:16:25,-13.8483,136.4192,68.74,85,3,8.3,clear sky
303,Kuhdasht,IR,2021-08-08 18:16:25,33.535,47.6061,85.06,16,1,8.57,clear sky
304,Nuevo Progreso,MX,2021-08-08 18:16:25,23.1667,-97.95,93.6,49,9,5.01,clear sky
305,Kijang,KR,2021-08-08 18:16:25,35.2442,129.2139,76.73,91,100,18.43,light rain
306,Salalah,OM,2021-08-08 18:15:37,17.0151,54.0924,77.09,100,90,4.61,light intensity drizzle
307,Touros,BR,2021-08-08 18:16:26,-5.1989,-35.4608,83.3,69,52,18.75,broken clouds
308,Nyagan,RU,2021-08-08 18:16:26,62.1406,65.3936,64.35,79,100,8.72,overcast clouds
309,Sampit,ID,2021-08-08 18:16:26,-2.5333,112.95,75.18,97,98,2.04,overcast clouds
310,Kuusamo,FI,2021-08-08 18:16:27,65.9667,29.1833,59.04,72,90,11.5,overcast clouds
311,Padang,ID,2021-08-08 18:16:27,-0.9492,100.3543,78.84,86,87,3.96,light rain
312,Hattiesburg,US,2021-08-08 18:13:20,31.3271,-89.2903,93.52,60,40,4.61,scattered clouds
313,Nokaneng,BW,2021-08-08 18:16:27,-19.6667,22.2667,66.81,16,0,4.63,clear sky
314,Beringovskiy,RU,2021-08-08 18:15:47,63.05,179.3167,43.57,89,100,23.06,light rain
315,Fenoarivo Atsinanana,MG,2021-08-08 18:16:28,-17.3667,49.4167,67.6,85,2,3.53,clear sky
316,Plettenberg Bay,ZA,2021-08-08 18:16:28,-34.0527,23.3716,56.66,81,71,3.29,broken clouds
317,Port Shepstone,ZA,2021-08-08 18:16:28,-30.7414,30.455,69.28,50,0,8.34,clear sky
318,Axams,AT,2021-08-08 18:16:28,47.2081,11.2869,52.05,88,75,4.61,light rain
319,Anadyr,RU,2021-08-08 18:16:29,64.75,177.4833,45.1,70,0,11.18,clear sky
320,Amahai,ID,2021-08-08 18:16:29,-3.3333,128.9167,75.88,87,97,2.06,overcast clouds
321,Iqaluit,CA,2021-08-08 18:16:29,63.7506,-68.5145,42.53,93,90,3.44,light rain
322,Souillac,MU,2021-08-08 18:16:30,-20.5167,57.5167,69.37,100,75,3.44,light rain
323,Yerbogachen,RU,2021-08-08 18:12:11,61.2767,108.0108,50.36,59,2,1.63,clear sky
324,Ribeira Grande,PT,2021-08-08 18:16:30,38.5167,-28.7,77.4,69,75,13.8,broken clouds
325,Hurricane,US,2021-08-08 18:13:40,37.1753,-113.2899,97.14,10,0,7.63,clear sky
326,Itaituba,BR,2021-08-08 18:16:30,-4.2761,-55.9836,96.96,44,20,5.75,few clouds
327,Hemsedal,NO,2021-08-08 18:16:31,60.8629,8.5534,62.31,73,90,4.61,overcast clouds
328,Kaseda,JP,2021-08-08 18:16:31,31.4167,130.3167,77.34,85,91,24.36,overcast clouds
329,Simoes,BR,2021-08-08 18:16:31,-7.5989,-40.8178,89.51,19,2,11.05,clear sky
330,Hay River,CA,2021-08-08 18:16:31,60.8156,-115.7999,46.38,93,90,10.36,light rain
331,Little Current,CA,2021-08-08 18:16:32,45.9793,-81.9248,69.42,94,100,10.67,light rain
332,Egvekinot,RU,2021-08-08 18:16:32,66.3167,-179.1667,40.23,66,16,13.67,few clouds
333,Liberal,US,2021-08-08 18:16:32,37.0431,-100.921,92.16,27,1,3.44,clear sky
334,Fuerte Olimpo,PY,2021-08-08 18:16:32,-21.0415,-57.8738,97.74,17,1,11.52,clear sky
335,Ciudad Bolivar,VE,2021-08-08 18:16:33,8.1222,-63.5497,88.75,56,68,3.36,broken clouds
336,Abu Dhabi,AE,2021-08-08 18:16:33,24.4667,54.3667,96.91,71,0,10.36,clear sky
337,Haines Junction,CA,2021-08-08 18:16:33,60.7522,-137.5108,58.95,63,76,1.14,broken clouds
338,Cabedelo,BR,2021-08-08 18:16:33,-6.9811,-34.8339,81.27,69,41,17.4,scattered clouds
339,Tromso,NO,2021-08-08 18:16:34,69.6496,18.957,70.45,43,0,0.0,clear sky
340,Kargasok,RU,2021-08-08 18:16:15,59.0556,80.8572,65.7,68,85,4.07,overcast clouds
341,Sechura,PE,2021-08-08 18:16:34,-5.5569,-80.8222,76.59,53,6,12.12,clear sky
342,Puerto Del Rosario,ES,2021-08-08 18:16:34,28.5004,-13.8627,80.35,50,20,21.85,few clouds
343,Sao Miguel Do Araguaia,BR,2021-08-08 18:16:35,-13.275,-50.1628,92.28,20,0,6.73,clear sky
344,Amapa,BR,2021-08-08 18:16:35,1.0,-52.0,82.56,71,54,1.61,broken clouds
345,Kudahuvadhoo,MV,2021-08-08 18:16:35,2.6708,72.8944,82.78,75,100,11.92,overcast clouds
346,Helena,US,2021-08-08 18:15:31,46.5927,-112.0361,78.24,45,1,19.57,clear sky
347,Rio Grande,BR,2021-08-08 18:15:45,-32.035,-52.0986,86.11,67,6,5.88,clear sky
348,Port Arthur,CN,2021-08-08 18:16:36,38.8,121.2667,80.91,47,51,6.85,light rain
349,Aviles,ES,2021-08-08 18:16:36,43.5547,-5.9248,65.93,77,40,3.44,scattered clouds
350,Kokomo,US,2021-08-08 18:13:37,40.4864,-86.1336,88.21,68,40,11.5,scattered clouds
351,Aketi,CD,2021-08-08 18:16:36,2.7388,23.7833,77.34,69,84,1.32,broken clouds
352,Bisira,PA,2021-08-08 18:16:37,8.5196,-81.7115,67.89,79,53,1.43,broken clouds
353,Sangar,RU,2021-08-08 18:16:37,63.9242,127.4739,60.6,42,1,9.51,clear sky
354,Loandjili,CG,2021-08-08 18:16:37,-4.7561,11.8578,74.25,74,81,4.7,broken clouds
355,Akyab,MM,2021-08-08 18:16:37,20.15,92.9,81.37,85,100,2.57,overcast clouds
356,Yeppoon,AU,2021-08-08 18:16:38,-23.1333,150.7333,55.18,84,8,10.6,clear sky
357,Kayes,ML,2021-08-08 18:16:38,14.0,-11.0,79.65,84,100,9.17,overcast clouds
358,Tahara,JP,2021-08-08 18:16:38,34.6667,137.2667,84.24,82,100,13.69,moderate rain
359,Biloela,AU,2021-08-08 18:16:38,-24.4167,150.5,50.16,87,0,6.08,clear sky
360,Shache,CN,2021-08-08 18:16:08,38.4167,77.2406,76.73,31,100,8.95,overcast clouds
361,La Ronge,CA,2021-08-08 18:16:39,55.1001,-105.2842,62.85,63,75,10.36,broken clouds
362,Shieli,KZ,2021-08-08 18:16:39,44.1667,66.75,82.89,22,0,18.7,clear sky
363,Pisco,PE,2021-08-08 18:14:45,-13.7,-76.2167,64.45,72,90,5.75,overcast clouds
364,Phan Thiet,VN,2021-08-08 18:14:54,10.9333,108.1,79.88,88,78,8.46,broken clouds
365,Bitung,ID,2021-08-08 18:16:39,1.4451,125.1824,74.25,87,100,9.35,overcast clouds
366,Namibe,AO,2021-08-08 18:16:40,-15.1961,12.1522,66.04,81,81,11.18,broken clouds
367,Ngunguru,NZ,2021-08-08 18:16:40,-35.6167,174.5,44.17,86,100,14.52,overcast clouds
368,Changji,CN,2021-08-08 18:16:40,44.0167,87.3167,83.19,28,0,8.95,clear sky
369,Paranhos,BR,2021-08-08 18:16:41,-23.8928,-55.4311,86.9,24,3,8.14,clear sky
370,Chapleau,CA,2021-08-08 18:15:13,47.8405,-83.4034,66.29,88,90,6.91,overcast clouds
371,Miraflores,MX,2021-08-08 18:16:41,19.2167,-98.8083,68.76,70,62,1.9,broken clouds
372,Kinshasa,CD,2021-08-08 18:16:41,-4.3246,15.3215,81.95,41,14,5.39,few clouds
373,Luderitz,NA,2021-08-08 18:15:54,-26.6481,15.1594,57.09,81,60,5.35,broken clouds
374,Atasu,KZ,2021-08-08 18:16:42,48.6814,71.6433,66.65,36,41,9.06,scattered clouds
375,Viedma,AR,2021-08-08 18:16:19,-40.8135,-62.9967,54.48,34,50,14.72,scattered clouds
376,Sungaipenuh,ID,2021-08-08 18:16:42,-2.0833,101.3833,64.62,97,85,2.91,overcast clouds
377,Pangai,TO,2021-08-08 18:16:42,-19.8,-174.35,71.71,64,20,3.44,few clouds
378,Ponta Do Sol,PT,2021-08-08 18:15:11,32.6667,-17.1,76.01,75,79,2.98,broken clouds
379,Palmeira,BR,2021-08-08 18:16:43,-25.4294,-50.0064,69.62,48,10,4.81,clear sky
380,Pytalovo,RU,2021-08-08 18:16:43,57.0679,27.9138,65.59,74,100,7.29,moderate rain
381,Los Llanos De Aridane,ES,2021-08-08 18:16:43,28.6585,-17.9182,69.55,93,75,8.05,broken clouds
382,Nyurba,RU,2021-08-08 18:16:43,63.2842,118.3319,61.29,98,93,2.04,overcast clouds
383,Marsa Matruh,EG,2021-08-08 18:16:44,31.3525,27.2453,80.06,63,0,13.51,clear sky
384,Sur,OM,2021-08-08 18:16:44,22.5667,59.5289,89.58,57,1,12.55,clear sky
385,Superior,US,2021-08-08 18:16:44,46.7208,-92.1041,69.49,95,90,9.22,fog
386,Lazaro Cardenas,MX,2021-08-08 18:16:45,17.9583,-102.2,85.55,67,96,4.21,overcast clouds
387,Eureka,US,2021-08-08 18:15:33,40.8021,-124.1637,62.92,87,98,1.01,overcast clouds
388,Yakima,US,2021-08-08 18:16:20,46.4665,-120.6678,73.33,37,1,16.11,clear sky
389,Inirida,CO,2021-08-08 18:16:45,3.8653,-67.9239,76.26,91,96,4.97,light rain
390,Bulgan,MN,2021-08-08 18:16:45,48.8125,103.5347,50.47,81,2,2.13,clear sky
391,Gravdal,NO,2021-08-08 18:16:46,68.1214,13.5031,69.69,46,0,16.11,clear sky
392,Constitucion,CL,2021-08-08 18:16:35,-35.3333,-72.4167,53.29,55,100,4.63,overcast clouds
393,Caranavi,BO,2021-08-08 18:16:46,-15.8167,-67.55,81.27,35,18,4.79,few clouds
394,Hamilton,US,2021-08-08 18:14:59,39.1834,-84.5333,91.26,57,75,1.99,broken clouds
395,Kribi,CM,2021-08-08 18:16:46,2.95,9.9167,74.77,91,100,6.31,light rain
396,Bawku,GH,2021-08-08 18:16:48,11.0616,-0.2417,80.74,73,68,6.35,broken clouds
397,Lilongwe,MW,2021-08-08 18:16:48,-13.9669,33.7873,68.18,41,7,4.61,clear sky
398,Paamiut,GL,2021-08-08 18:16:48,61.994,-49.6678,43.43,88,96,10.29,light rain
399,Lulea,SE,2021-08-08 18:16:49,65.5842,22.1547,60.87,94,90,11.5,overcast clouds
400,Havoysund,NO,2021-08-08 18:15:39,70.9963,24.6622,72.48,58,11,9.71,few clouds
401,Umea,SE,2021-08-08 18:16:49,63.8284,20.2597,60.73,94,90,8.05,overcast clouds
402,Carnarvon,AU,2021-08-08 18:15:44,-24.8667,113.6333,62.67,80,0,4.61,clear sky
403,Genhe,CN,2021-08-08 18:16:50,50.7833,121.5167,62.11,99,93,3.65,overcast clouds
404,Mount Gambier,AU,2021-08-08 18:16:13,-37.8333,140.7667,43.88,81,60,7.27,broken clouds
405,Porto Novo,BJ,2021-08-08 18:16:50,6.4965,2.6036,78.62,86,97,9.8,light rain
406,Onokhoy,RU,2021-08-08 18:16:51,51.932,108.0747,53.35,84,33,4.38,scattered clouds
407,Jalu,LY,2021-08-08 18:16:51,29.0331,21.5482,94.05,17,0,10.6,clear sky
408,Popondetta,PG,2021-08-08 18:16:52,-8.7537,148.2534,70.74,96,57,3.0,broken clouds
409,Srednekolymsk,RU,2021-08-08 18:12:17,67.45,153.6833,50.9,68,11,2.8,few clouds
410,Tefe,BR,2021-08-08 18:16:52,-3.3542,-64.7114,89.71,66,20,5.75,few clouds
411,Sheboygan,US,2021-08-08 18:16:53,43.7333,-87.9334,87.35,85,75,6.91,haze
412,Arraial Do Cabo,BR,2021-08-08 18:15:31,-22.9661,-42.0278,73.26,68,20,19.57,few clouds
413,Vazante,BR,2021-08-08 18:16:53,-17.9869,-46.9078,79.41,28,0,5.88,clear sky
414,Urambo,TZ,2021-08-08 18:16:54,-5.0667,32.05,77.04,32,50,4.85,scattered clouds
415,Susehri,TR,2021-08-08 18:16:54,40.1644,38.0867,63.9,81,98,2.62,overcast clouds
416,Oparino,RU,2021-08-08 18:16:55,59.8518,48.2783,59.65,70,99,5.26,overcast clouds
417,Half Moon Bay,US,2021-08-08 18:15:46,37.4636,-122.4286,82.9,72,40,1.99,scattered clouds
418,Alindao,CF,2021-08-08 18:16:55,5.0267,21.2088,72.61,85,99,3.29,overcast clouds
419,Luan,CH,2021-08-08 18:16:55,46.3592,6.9759,60.87,82,56,3.42,broken clouds
420,Harrisonville,US,2021-08-08 18:15:55,38.6533,-94.3488,86.61,62,40,8.05,scattered clouds
421,Sabla,NG,2021-08-08 18:16:56,12.7525,4.7077,85.1,60,100,7.49,overcast clouds
422,Iquique,CL,2021-08-08 18:16:41,-20.2208,-70.1431,62.64,68,17,13.2,few clouds
423,Borodino,RU,2021-08-08 18:16:57,55.9106,94.8983,59.18,79,18,1.34,few clouds
424,Fortuna,US,2021-08-08 18:15:10,40.5982,-124.1573,62.65,96,90,8.05,overcast clouds
425,Iskateley,RU,2021-08-08 18:16:57,67.6803,53.1512,46.74,90,0,7.67,clear sky
426,Alberton,CA,2021-08-08 18:16:58,46.8168,-64.0654,68.13,64,27,14.74,scattered clouds
427,Omboue,GA,2021-08-08 18:16:58,-1.5746,9.2618,74.53,82,66,7.65,broken clouds
428,Burns Lake,CA,2021-08-08 18:16:58,54.2331,-125.7533,60.22,54,7,3.69,clear sky
429,Kamenka,RU,2021-08-08 18:16:58,51.3223,42.7678,78.73,27,100,8.52,light rain
430,Palmer,US,2021-08-08 18:16:59,42.1584,-72.3287,86.14,60,75,0.0,broken clouds
431,Santa Rosalia,MX,2021-08-08 18:16:59,27.3167,-112.2833,88.05,47,8,7.45,clear sky
432,Asfi,MA,2021-08-08 18:16:59,32.2994,-9.2372,70.09,71,0,20.24,clear sky
433,Hachinohe,JP,2021-08-08 18:17:00,40.5,141.5,71.78,100,90,14.97,fog
434,Yatou,CN,2021-08-08 18:15:15,37.15,122.3833,70.79,83,19,5.44,few clouds
435,Yongan,CN,2021-08-08 18:17:00,39.6957,113.6871,62.53,78,53,3.47,broken clouds
436,Meulaboh,ID,2021-08-08 18:17:00,4.1363,96.1285,78.73,88,100,6.64,overcast clouds
437,Belmonte,BR,2021-08-08 18:15:44,-15.8631,-38.8828,77.5,70,87,12.75,overcast clouds
438,Prado,BR,2021-08-08 18:17:01,-17.3411,-39.2208,75.13,60,62,9.26,broken clouds
439,Goderich,CA,2021-08-08 18:17:01,43.7501,-81.7165,77.04,78,100,8.05,overcast clouds
440,Schweinfurt,DE,2021-08-08 18:17:02,50.05,10.2333,64.8,78,70,8.37,broken clouds
441,Naberera,TZ,2021-08-08 18:17:02,-4.2,36.9333,62.85,59,77,9.15,broken clouds
442,Merauke,ID,2021-08-08 18:17:02,-8.4667,140.3333,75.04,89,95,11.74,overcast clouds
443,Dimbokro,CI,2021-08-08 18:17:02,6.6451,-4.7048,79.81,79,63,4.12,light rain
444,Bristol,US,2021-08-08 18:16:12,41.8334,-71.1662,83.98,70,40,4.0,scattered clouds
445,Katsuura,JP,2021-08-08 18:15:48,35.1333,140.3,84.31,90,100,19.89,overcast clouds
446,Oksbol,DK,2021-08-08 18:13:09,55.6268,8.2876,64.69,80,63,18.7,broken clouds
447,Antofagasta,CL,2021-08-08 18:12:39,-23.65,-70.4,61.88,65,24,12.86,few clouds
448,Tanout,NE,2021-08-08 18:17:03,14.9709,8.8879,91.92,38,49,9.71,scattered clouds
449,Kalmunai,LK,2021-08-08 18:17:04,7.4167,81.8167,80.56,81,92,3.98,overcast clouds
450,Aklavik,CA,2021-08-08 18:17:05,68.2191,-135.0107,52.52,71,40,0.0,scattered clouds
451,Sorland,NO,2021-08-08 18:17:05,67.667,12.6934,69.87,71,98,17.16,overcast clouds
452,Sayyan,YE,2021-08-08 18:17:06,15.1718,44.3244,68.81,45,89,8.48,overcast clouds
453,Vila Velha,BR,2021-08-08 18:16:13,-20.3297,-40.2925,73.35,73,40,10.36,scattered clouds
454,Riberalta,BO,2021-08-08 18:17:06,-10.9833,-66.1,93.4,43,20,9.22,few clouds
455,Rundu,NA,2021-08-08 18:17:07,-17.9333,19.7667,65.34,16,2,5.61,clear sky
456,Faya,SA,2021-08-08 18:16:01,18.3851,42.4509,73.51,67,70,4.47,broken clouds
457,Kudat,MY,2021-08-08 18:17:07,6.8837,116.8477,78.73,89,20,4.61,few clouds
458,Kungurtug,RU,2021-08-08 18:17:07,50.5994,97.5228,48.61,88,53,1.79,broken clouds
459,Ouargaye,BF,2021-08-08 18:17:08,11.5033,0.0572,83.84,64,65,7.67,broken clouds
460,Xiongyue,CN,2021-08-08 18:17:08,40.1774,122.1228,74.44,74,52,3.42,light rain
461,Ballina,AU,2021-08-08 18:17:08,-28.8667,153.5667,55.78,64,100,9.17,overcast clouds
462,Puerto Escondido,MX,2021-08-08 18:15:04,15.85,-97.0667,88.63,62,40,11.5,scattered clouds
463,Henties Bay,NA,2021-08-08 18:17:08,-22.116,14.2845,57.85,92,15,14.36,few clouds
464,Pacific Grove,US,2021-08-08 18:13:17,36.6177,-121.9166,77.16,83,40,5.99,scattered clouds
465,Wenling,CN,2021-08-08 18:17:09,28.3669,121.36,78.8,85,24,4.29,few clouds
466,Argentan,FR,2021-08-08 18:17:09,48.75,-0.0167,64.17,70,97,10.07,overcast clouds
467,Kawalu,ID,2021-08-08 18:17:09,-7.3817,108.2082,73.51,96,68,1.54,broken clouds
468,Harper,LR,2021-08-08 18:17:10,4.375,-7.7169,78.13,79,66,12.1,broken clouds
469,Benguela,AO,2021-08-08 18:17:10,-12.5763,13.4055,72.99,85,61,6.29,broken clouds
470,Mosquera,CO,2021-08-08 18:17:10,4.7059,-74.2302,62.69,63,75,11.5,broken clouds
471,Sept-Iles,CA,2021-08-08 18:16:34,50.2001,-66.3821,67.24,56,40,5.99,scattered clouds
472,La Maddalena,IT,2021-08-08 18:17:11,41.2142,9.4083,86.05,59,64,14.92,broken clouds
473,Sola,VU,2021-08-08 18:15:46,-13.8833,167.55,75.61,88,100,19.89,overcast clouds
474,Cockburn Town,TC,2021-08-08 18:14:31,21.4612,-71.1419,85.96,62,40,11.5,scattered clouds
475,Shishou,CN,2021-08-08 18:17:11,29.7226,112.419,78.91,95,96,5.37,overcast clouds
476,Camabatela,AO,2021-08-08 18:15:52,-8.1881,15.375,71.01,45,58,4.07,broken clouds
477,Savannah Bight,HN,2021-08-08 18:17:11,16.45,-85.85,89.65,79,98,18.81,overcast clouds
478,Kulachi,PK,2021-08-08 18:17:12,31.9286,70.4592,100.63,28,52,7.11,broken clouds
479,Elban,RU,2021-08-08 18:17:12,50.1018,136.5094,51.4,97,100,10.29,moderate rain
480,Port Blair,IN,2021-08-08 18:16:19,11.6667,92.75,82.4,84,90,11.36,overcast clouds
481,Husavik,IS,2021-08-08 18:16:13,66.0449,-17.3389,57.11,87,40,7.54,scattered clouds
482,Bathsheba,BB,2021-08-08 18:17:13,13.2167,-59.5167,88.41,66,20,21.85,few clouds
483,Isla Mujeres,MX,2021-08-08 18:17:13,21.2311,-86.731,89.65,65,60,10.25,broken clouds
484,Chiang Rai,TH,2021-08-08 18:17:13,19.9167,99.9167,78.78,100,20,4.61,few clouds
485,Chaohu,CN,2021-08-08 18:17:14,31.6,117.8667,80.71,83,88,3.98,overcast clouds
486,Vengerovo,RU,2021-08-08 18:17:14,55.6848,76.7471,63.12,91,100,6.73,light rain
487,Roding,DE,2021-08-08 18:17:15,49.1964,12.5186,64.94,90,100,5.91,overcast clouds
488,Saint-Augustin,CA,2021-08-08 18:15:56,51.226,-58.6502,67.59,38,70,3.58,broken clouds
489,Nantucket,US,2021-08-08 18:13:15,41.2835,-70.0995,84.54,54,90,3.44,overcast clouds
490,Tarko-Sale,RU,2021-08-08 18:17:15,64.9225,77.785,65.16,65,27,9.22,scattered clouds
491,Abu Zabad,SD,2021-08-08 18:17:07,12.35,29.25,75.33,71,95,6.13,overcast clouds
492,Flinders,AU,2021-08-08 18:17:16,-34.5833,150.8552,51.21,82,100,1.01,overcast clouds
493,Coahuayana,MX,2021-08-08 18:17:16,18.7333,-103.6833,92.68,52,71,2.82,broken clouds
494,Awjilah,LY,2021-08-08 18:17:16,29.1081,21.2869,93.49,17,0,10.63,clear sky
495,Jasidih,IN,2021-08-08 18:17:17,24.5167,86.65,81.12,80,62,3.83,broken clouds
496,Ahipara,NZ,2021-08-08 18:16:04,-35.1667,173.1667,49.39,67,100,20.47,light rain
497,Jiayuguan,CN,2021-08-08 18:17:17,39.8167,98.3,71.74,23,2,0.47,clear sky
498,Aiken,US,2021-08-08 18:17:17,33.5835,-81.5998,91.69,58,75,4.61,broken clouds
499,Aswan,EG,2021-08-08 18:17:18,24.0934,32.907,100.15,18,4,5.3,clear sky
500,Barmer,IN,2021-08-08 18:17:18,25.75,71.3833,90.73,45,9,15.32,clear sky
501,Nabire,ID,2021-08-08 18:17:18,-3.3667,135.4833,74.66,93,98,3.94,light rain
502,Northam,GB,2021-08-08 18:17:19,51.0333,-4.2167,65.34,87,23,15.7,few clouds
503,Perene,PE,2021-08-08 18:17:19,-10.9492,-75.2261,88.95,37,0,5.12,clear sky
504,Peniche,PT,2021-08-08 18:17:19,39.3558,-9.3811,72.88,73,0,15.5,clear sky
505,Sawtell,AU,2021-08-08 18:17:19,-30.3833,153.1,55.42,88,90,1.14,overcast clouds
506,Weiser,US,2021-08-08 18:17:20,44.251,-116.9693,83.48,44,34,10.29,scattered clouds
507,Yarke Pole,UA,2021-08-08 18:17:21,45.608,34.3172,68.85,89,100,10.92,overcast clouds
508,Sibolga,ID,2021-08-08 18:17:21,1.7427,98.7792,77.07,90,97,3.18,overcast clouds
509,Biu,NG,2021-08-08 18:17:21,10.6129,12.1946,71.11,85,94,4.14,moderate rain
510,Ampanihy,MG,2021-08-08 18:17:22,-24.7,44.75,65.32,73,0,8.72,clear sky
511,North Platte,US,2021-08-08 18:17:22,41.1239,-100.7654,91.33,31,1,8.99,clear sky
512,Port Lincoln,AU,2021-08-08 18:15:12,-34.7333,135.8667,54.1,61,66,11.5,light rain
513,Nizhnevartovsk,RU,2021-08-08 18:17:22,60.9344,76.5531,66.22,94,91,6.71,overcast clouds
514,Verkh-Usugli,RU,2021-08-08 18:17:23,52.7,115.1667,52.47,95,81,2.44,broken clouds
515,Guerrero Negro,MX,2021-08-08 18:17:23,27.9769,-114.0611,77.43,63,5,10.76,clear sky
516,Ouadda,CF,2021-08-08 18:17:23,8.0777,22.4007,68.36,96,79,2.75,light rain
517,Farah,AF,2021-08-08 18:17:24,32.5,62.5,88.03,12,0,2.04,clear sky
518,Shimoda,JP,2021-08-08 18:17:24,34.6667,138.95,82.51,90,100,16.44,overcast clouds
519,Jiaohe,CN,2021-08-08 18:17:24,43.7286,127.3447,63.41,87,0,4.27,clear sky
520,Cuamba,MZ,2021-08-08 18:17:25,-14.8031,36.5372,70.05,42,7,6.24,clear sky
521,Warri,NG,2021-08-08 18:17:25,5.5167,5.75,75.99,85,98,6.64,overcast clouds
522,Riyadh,SA,2021-08-08 18:17:25,24.6877,46.7219,102.34,11,67,16.44,broken clouds
523,Yangambi,CD,2021-08-08 18:17:25,0.8102,24.4336,71.85,80,98,1.32,overcast clouds
524,Urusha,RU,2021-08-08 18:17:26,54.05,122.9,53.67,97,100,10.29,overcast clouds
525,Moose Factory,CA,2021-08-08 18:17:26,51.2585,-80.6094,73.4,40,1,13.8,clear sky
526,Jonuta,MX,2021-08-08 18:17:26,18.0833,-92.1333,90.45,52,59,10.51,broken clouds
527,Ankang,CN,2021-08-08 18:17:27,32.68,109.0172,72.68,98,100,0.18,overcast clouds
528,Jumla,NP,2021-08-08 18:17:27,29.2747,82.1838,63.5,97,100,1.3,overcast clouds
529,Sapele,NG,2021-08-08 18:17:27,5.8941,5.6767,75.34,87,93,7.36,light rain
530,Weimar,DE,2021-08-08 18:17:28,50.9833,11.3167,63.59,62,67,11.34,broken clouds
531,Huarmey,PE,2021-08-08 18:17:28,-10.0681,-78.1522,68.99,68,41,12.84,scattered clouds
532,Balykshi,KZ,2021-08-08 18:17:29,47.0667,51.8667,89.6,17,0,15.66,clear sky
533,Verkhnevilyuysk,RU,2021-08-08 18:17:29,63.4453,120.3167,64.87,84,100,1.88,overcast clouds
534,Naliya,IN,2021-08-08 18:17:29,23.2667,68.8333,82.35,65,29,14.14,scattered clouds
535,Garowe,SO,2021-08-08 18:17:29,8.4054,48.4845,86.56,35,59,20.76,broken clouds
536,Whyalla,AU,2021-08-08 18:17:30,-33.0333,137.5833,40.89,87,40,5.75,scattered clouds
537,Krasnogorskoye,RU,2021-08-08 18:17:30,52.2953,86.1979,61.2,78,23,3.71,few clouds
538,Wagrowiec,PL,2021-08-08 18:17:31,52.8084,17.1996,73.22,59,62,6.87,broken clouds
539,Mogadouro,PT,2021-08-08 18:16:15,41.3403,-6.7119,80.78,18,0,6.8,clear sky
540,Kefalos,GR,2021-08-08 18:17:31,36.7453,26.9589,82.62,51,0,10.36,clear sky
541,Beloha,MG,2021-08-08 18:17:31,-25.1667,45.05,64.04,82,0,5.84,clear sky
542,Santa Maria,BR,2021-08-08 18:17:32,-29.6842,-53.8069,82.26,41,0,7.61,clear sky
543,Sangalhos,PT,2021-08-08 18:17:32,40.4868,-8.4697,80.1,54,0,12.24,clear sky
544,Andenes,NO,2021-08-08 18:15:40,69.3143,16.1194,64.38,63,20,6.91,few clouds
545,Krasnoselkup,RU,2021-08-08 18:15:57,65.7,82.4667,59.43,59,25,9.13,scattered clouds
546,Urumqi,CN,2021-08-08 18:17:33,43.801,87.6005,79.75,28,0,8.95,clear sky
547,Tabou,CI,2021-08-08 18:17:33,4.423,-7.3528,78.03,80,64,12.1,broken clouds
548,Nalut,LY,2021-08-08 18:17:33,30.3333,10.85,102.13,8,2,9.8,clear sky
549,Yanam,IN,2021-08-08 18:17:34,16.7333,82.2167,83.05,79,52,3.8,broken clouds
550,Lufilufi,WS,2021-08-08 18:17:34,-13.8745,-171.5986,74.98,78,69,16.4,light rain
551,Maningrida,AU,2021-08-08 18:17:34,-12.0667,134.2667,64.26,91,33,8.1,scattered clouds
552,Fort Frances,CA,2021-08-08 18:16:55,48.5999,-93.4003,77.16,72,90,3.44,overcast clouds
553,Kavaratti,IN,2021-08-08 18:17:34,10.5669,72.642,81.23,80,100,19.01,light rain
554,College,US,2021-08-08 18:17:35,64.8569,-147.8028,60.75,82,75,6.91,broken clouds
555,Kovylkino,RU,2021-08-08 18:17:35,54.0388,43.9139,73.71,48,100,6.69,overcast clouds
556,Palauig,PH,2021-08-08 18:17:36,15.435,119.9045,80.82,83,100,7.72,overcast clouds
557,Maltahohe,NA,2021-08-08 18:17:36,-24.8333,16.9833,60.57,25,31,11.95,scattered clouds
558,Ligayan,PH,2021-08-08 18:17:36,4.6533,119.4706,83.05,75,100,6.76,overcast clouds
559,Creel,MX,2021-08-08 18:17:37,27.75,-107.6333,69.53,53,81,9.28,broken clouds
560,Ibotirama,BR,2021-08-08 18:17:37,-12.1853,-43.2206,90.59,20,23,7.54,few clouds
561,Mastic Beach,US,2021-08-08 18:17:37,40.7668,-72.8521,75.24,91,90,1.99,moderate rain
562,Uni,RU,2021-08-08 18:17:37,57.7535,51.4923,60.06,62,53,5.14,broken clouds
563,Makakilo City,US,2021-08-08 18:13:21,21.3469,-158.0858,79.12,63,1,4.61,clear sky
564,Andros Town,BS,2021-08-08 18:17:38,24.7,-77.7667,91.36,61,7,12.39,clear sky
565,Coquimbo,CL,2021-08-08 18:16:38,-29.9533,-71.3436,60.53,63,75,8.05,broken clouds
566,Iracoubo,GF,2021-08-08 18:17:38,5.4802,-53.2011,82.44,79,62,10.6,broken clouds
567,Khani,GE,2021-08-08 18:17:38,41.9563,42.9566,65.77,87,81,0.49,broken clouds
568,Calvia,ES,2021-08-08 18:17:39,39.5657,2.5062,81.91,61,6,3.09,clear sky
569,Muros,ES,2021-08-08 18:17:39,42.7762,-9.0603,69.98,70,60,11.77,broken clouds
570,Zaysan,KZ,2021-08-08 18:17:40,47.4667,84.8667,69.21,37,30,6.58,scattered clouds
571,Alofi,NU,2021-08-08 18:15:19,-19.0595,-169.9187,74.52,79,99,15.03,overcast clouds
572,Kapuskasing,CA,2021-08-08 18:17:40,49.4169,-82.4331,75.29,60,90,10.36,overcast clouds
573,Ayorou,NE,2021-08-08 18:17:40,14.7308,0.9174,98.31,31,83,4.92,broken clouds
574,Spas-Klepiki,RU,2021-08-08 18:17:41,55.1347,40.1767,69.8,63,100,2.53,light rain
575,Tocache,PE,2021-08-08 18:17:41,-8.1842,-76.5125,90.5,36,1,1.28,clear sky
576,Dharchula,IN,2021-08-08 18:17:41,29.85,80.5333,73.81,93,100,1.1,overcast clouds
577,Votorantim,BR,2021-08-08 18:17:42,-23.5467,-47.4378,79.81,35,16,3.31,few clouds
578,San Juan,AR,2021-08-08 18:15:35,-31.5375,-68.5364,59.29,24,33,18.45,scattered clouds
579,Svit,SK,2021-08-08 18:17:42,49.0601,20.2069,69.58,73,40,2.3,scattered clouds
580,Batagay-Alyta,RU,2021-08-08 18:17:42,67.8006,130.4114,56.91,46,51,1.21,broken clouds
581,Alta Floresta,BR,2021-08-08 18:15:28,-9.8756,-56.0861,99.09,19,4,3.6,clear sky
582,Corpus Christi,US,2021-08-08 18:17:43,27.8006,-97.3964,93.76,66,40,8.99,scattered clouds
583,Kulhudhuffushi,MV,2021-08-08 18:17:11,6.6221,73.07,82.08,69,100,19.17,overcast clouds
584,Kenai,US,2021-08-08 18:17:43,60.5544,-151.2583,54.03,91,90,14.97,light rain
585,Bilibino,RU,2021-08-08 18:17:36,68.0546,166.4372,45.43,53,82,3.11,broken clouds
586,Kendari,ID,2021-08-08 18:17:44,-3.945,122.4989,73.11,92,59,1.43,broken clouds
587,Lebyazhye,RU,2021-08-08 18:17:44,55.2689,66.4947,57.78,95,70,9.1,broken clouds
588,Wote,KE,2021-08-08 18:17:44,-1.7808,37.6288,67.96,60,71,10.63,broken clouds
589,Yulara,AU,2021-08-08 18:15:15,-25.2406,130.9889,40.84,48,0,4.61,clear sky
590,Oxford,GB,2021-08-08 18:17:45,51.7522,-1.256,66.06,63,20,1.99,few clouds
591,Morgantown,US,2021-08-08 18:16:47,39.6295,-79.9559,86.59,73,90,8.05,light rain
592,Antoniny,UA,2021-08-08 18:17:45,49.8097,26.8771,69.78,63,35,6.73,scattered clouds
593,Loukhi,RU,2021-08-08 18:17:45,66.0764,33.0381,57.24,67,81,9.66,broken clouds
594,Mahon,ES,2021-08-08 18:17:46,39.8885,4.2658,75.76,64,0,13.8,clear sky
595,Bukachacha,RU,2021-08-08 18:17:46,52.9833,116.9167,58.8,98,93,3.24,overcast clouds
596,Denpasar,ID,2021-08-08 18:13:28,-8.65,115.2167,78.46,89,20,8.05,few clouds
597,Bato,PH,2021-08-08 18:14:07,13.3528,123.3677,78.26,91,98,2.73,overcast clouds
598,Basco,PH,2021-08-08 18:17:46,20.4487,121.9702,84.29,82,100,23.02,light rain
599,Waingapu,ID,2021-08-08 18:17:47,-9.6567,120.2641,73.15,79,63,7.43,broken clouds
600,Garden City,US,2021-08-08 18:17:47,42.3256,-83.331,88.05,63,75,12.66,haze
601,Hambantota,LK,2021-08-08 18:17:47,6.1241,81.1185,78.89,83,60,17.22,broken clouds
602,Vao,NC,2021-08-08 18:15:11,-22.6667,167.4833,67.59,57,35,18.21,scattered clouds
603,Oistins,BB,2021-08-08 18:14:16,13.0667,-59.5333,87.89,66,20,21.85,few clouds
604,Palu,ID,2021-08-08 18:17:48,-0.8917,119.8707,74.82,94,97,3.6,moderate rain
605,Amga,RU,2021-08-08 18:17:48,60.8953,131.9608,50.31,67,60,3.31,broken clouds
606,Bilma,NE,2021-08-08 18:17:48,18.6853,12.9164,99.79,22,65,7.38,broken clouds
607,Kensington,AU,2021-08-08 18:17:49,-33.9167,151.2167,52.52,92,40,6.91,scattered clouds
608,Dudinka,RU,2021-08-08 18:17:49,69.4058,86.1778,56.82,69,6,12.19,clear sky
609,Ust-Kuyga,RU,2021-08-08 18:17:49,70.0167,135.6,60.75,57,18,4.56,few clouds
610,Kinkala,CG,2021-08-08 18:17:49,-4.3614,14.7644,76.41,47,13,6.46,few clouds
611,Kupang,ID,2021-08-08 18:17:50,-10.1667,123.5833,73.72,78,11,9.13,few clouds
612,The Valley,AI,2021-08-08 18:17:50,18.217,-63.0578,89.46,66,40,18.41,haze
613,Tezu,IN,2021-08-08 18:17:33,27.9167,96.1667,77.45,98,95,2.26,overcast clouds
614,Kismayo,SO,2021-08-08 18:17:51,-0.3582,42.5454,76.17,83,58,19.22,broken clouds
615,Fayetteville,US,2021-08-08 18:16:05,35.0527,-78.8784,92.12,55,75,3.0,broken clouds
616,Ejido,VE,2021-08-08 18:17:51,8.5514,-71.2375,75.24,83,83,3.47,broken clouds
617,Debre Birhan,ET,2021-08-08 18:17:51,9.6833,39.5333,52.93,83,43,4.29,light rain
618,Plouzane,FR,2021-08-08 18:17:51,48.3833,-4.6167,61.09,91,75,12.66,mist
619,Kabalo,CD,2021-08-08 18:16:07,-6.05,26.9167,84.31,25,6,4.41,clear sky
620,Satipo,PE,2021-08-08 18:17:52,-11.2522,-74.6386,90.64,33,0,2.35,clear sky
621,Russell,US,2021-08-08 18:15:13,32.3502,-85.1999,89.51,48,20,0.0,few clouds
622,Yei,SS,2021-08-08 18:17:52,4.095,30.6779,67.37,95,92,1.66,light rain
623,Kutoarjo,ID,2021-08-08 18:17:52,-7.7169,109.9128,75.29,91,20,1.39,few clouds
624,Brae,GB,2021-08-08 18:17:53,60.3964,-1.353,57.11,90,98,6.2,overcast clouds
625,Youghal,IE,2021-08-08 18:17:53,51.95,-7.8506,61.02,100,83,9.31,broken clouds
626,Paita,PE,2021-08-08 18:17:53,-5.0892,-81.1144,75.76,65,2,14.74,clear sky
627,Hearst,CA,2021-08-08 18:17:54,49.6835,-83.6665,73.65,51,75,9.26,broken clouds
628,Tayshet,RU,2021-08-08 18:17:54,55.9342,98.0044,55.33,69,69,2.82,broken clouds
629,Okitipupa,NG,2021-08-08 18:17:54,6.5047,4.7839,73.47,95,98,2.86,overcast clouds
630,Samarai,PG,2021-08-08 18:17:54,-10.6167,150.6667,77.32,79,100,17.07,overcast clouds
631,San Andres,CO,2021-08-08 18:17:55,12.5847,-81.7006,87.82,70,75,16.11,broken clouds
632,Giyon,ET,2021-08-08 18:17:55,8.5333,37.9833,58.89,90,89,3.76,moderate rain
633,Camacari,BR,2021-08-08 18:17:55,-12.6975,-38.3242,74.97,64,85,8.25,overcast clouds
634,Novikovo,RU,2021-08-08 18:17:55,51.1537,37.8879,78.85,29,100,3.6,light rain
635,Tocopilla,CL,2021-08-08 18:16:31,-22.092,-70.1979,64.29,64,27,14.76,scattered clouds
636,Marti,CU,2021-08-08 18:17:56,22.9475,-80.9203,90.25,53,13,9.48,few clouds
637,Whitehorse,CA,2021-08-08 18:17:56,60.7161,-135.0538,63.37,55,75,8.05,broken clouds
638,Talagang,PK,2021-08-08 18:17:56,32.9297,72.4158,88.57,54,43,12.3,scattered clouds
639,Tsilna,RU,2021-08-08 18:17:57,54.5953,48.1414,74.75,58,71,6.64,broken clouds
640,Mogadishu,SO,2021-08-08 18:17:43,2.0371,45.3438,76.59,87,40,20.15,scattered clouds
641,Wyndham,US,2021-08-08 18:17:57,37.6985,-77.6125,89.06,62,1,1.01,clear sky
642,Boyabat,TR,2021-08-08 18:17:58,41.4689,34.7667,68.45,87,84,4.27,broken clouds
643,Port-Cartier,CA,2021-08-08 18:17:58,50.0334,-66.8654,66.92,48,7,9.26,clear sky
644,Te Anau,NZ,2021-08-08 18:15:59,-45.4167,167.7167,31.3,97,84,0.92,light snow
645,San Quintin,MX,2021-08-08 18:16:32,30.4833,-115.95,73.17,66,21,8.93,few clouds
646,Ilo,PE,2021-08-08 18:17:58,-17.6394,-71.3375,62.71,74,70,11.74,broken clouds
647,San Carlos De Bariloche,AR,2021-08-08 18:17:32,-41.1456,-71.3082,47.95,31,0,4.61,clear sky
648,Upata,VE,2021-08-08 18:17:59,8.0086,-62.3989,80.35,81,100,1.97,overcast clouds
649,Xining,CN,2021-08-08 18:17:59,36.6167,101.7667,55.06,81,74,2.42,broken clouds
650,Dingle,PH,2021-08-08 18:15:15,10.9995,122.6711,76.44,90,97,3.51,light rain
651,Gander,CA,2021-08-08 18:17:59,48.9682,-54.5906,59.13,77,90,19.57,overcast clouds
652,Vostok,RU,2021-08-08 18:18:00,46.4856,135.8833,52.02,93,100,4.65,overcast clouds
653,Mezhdurechensk,RU,2021-08-08 18:18:00,53.6942,88.0603,59.22,88,80,2.51,broken clouds
654,Bonavista,CA,2021-08-08 18:18:00,48.6499,-53.1147,62.11,90,100,20.85,light rain
655,Praia Da Vitoria,PT,2021-08-08 18:18:00,38.7333,-27.0667,80.85,65,40,19.89,scattered clouds
656,Thunder Bay,CA,2021-08-08 18:17:32,48.4001,-89.3168,68.56,98,90,6.91,light intensity drizzle
657,Dinar,TR,2021-08-08 18:18:01,38.065,30.1656,76.96,57,2,8.93,clear sky
658,La Ligua,CL,2021-08-08 18:18:01,-32.4524,-71.2311,56.98,66,100,2.37,overcast clouds
659,Zabid,YE,2021-08-08 18:18:01,14.1951,43.3152,91.92,48,97,7.85,overcast clouds
660,Mercedes,AR,2021-08-08 18:18:02,-34.6515,-59.4307,49.84,84,80,18.92,broken clouds
661,Wau,SS,2021-08-08 18:18:02,7.7029,27.9953,71.91,92,100,2.59,overcast clouds
662,Hare Bay,CA,2021-08-08 18:18:03,48.8499,-54.0148,60.15,91,100,10.2,overcast clouds
663,Kirovskiy,RU,2021-08-08 18:18:03,45.0917,133.5136,55.04,97,91,3.69,overcast clouds
664,Alekseyevsk,RU,2021-08-08 18:18:03,57.8406,108.3492,52.7,79,82,0.89,broken clouds
665,Teya,RU,2021-08-08 18:18:03,60.3778,92.6267,58.15,77,90,3.02,overcast clouds
666,Mancio Lima,BR,2021-08-08 18:18:04,-7.6142,-72.8958,95.07,46,40,2.3,scattered clouds
667,Tres Lagoas,BR,2021-08-08 18:18:04,-20.7511,-51.6783,88.0,22,3,7.09,clear sky
668,Orichi,RU,2021-08-08 18:18:05,58.4036,49.0572,61.63,71,54,6.6,broken clouds
669,Boffa,GN,2021-08-08 18:18:05,10.1667,-14.0333,77.68,85,89,5.75,light rain
670,Chitrakonda,IN,2021-08-08 18:18:05,18.1167,82.0833,77.29,80,73,2.89,broken clouds
671,Aqtobe,KZ,2021-08-08 18:18:05,50.2797,57.2072,73.49,28,0,6.71,clear sky
672,Sangin,AF,2021-08-08 18:18:06,32.0728,64.8359,88.88,11,0,0.47,clear sky
673,Calabozo,VE,2021-08-08 18:16:30,8.9242,-67.4293,90.25,51,39,4.92,scattered clouds
674,Esperantinopolis,BR,2021-08-08 18:18:06,-4.8667,-44.7083,97.07,23,1,5.68,clear sky
675,Botwood,CA,2021-08-08 18:18:06,49.1499,-55.3482,60.28,68,95,10.16,overcast clouds
676,Bozoum,CF,2021-08-08 18:18:07,6.3193,16.3799,69.53,94,99,2.1,overcast clouds
677,Raybag,IN,2021-08-08 18:18:07,16.4833,74.7833,74.66,86,98,10.65,overcast clouds
678,Manikpur,IN,2021-08-08 18:18:07,25.0667,81.1167,81.21,82,100,6.69,overcast clouds
679,Santa Isabel Do Rio Negro,BR,2021-08-08 18:18:07,-0.4139,-65.0192,75.36,92,98,0.45,overcast clouds
680,Aksu,CN,2021-08-08 18:18:08,41.1231,80.2644,77.13,38,16,4.88,few clouds
681,Nome,US,2021-08-08 18:15:55,64.5011,-165.4064,55.47,72,40,19.57,scattered clouds
682,Katherine,AU,2021-08-08 18:18:08,-14.4667,132.2667,55.72,58,4,5.75,clear sky
683,San Jeronimo,PE,2021-08-08 18:16:24,-11.9472,-75.2829,65.39,23,0,2.68,clear sky
684,Praia,CV,2021-08-08 18:15:13,14.9215,-23.5087,82.94,74,40,11.5,scattered clouds
685,Ornskoldsvik,SE,2021-08-08 18:18:09,63.2909,18.7153,62.42,100,90,9.22,overcast clouds
